,outbreak_qid,outbreak,country_qid,country,other_names
0,Q83872291,2019â€“20 coronavirus outbreak in Japan,Q17,Japan,Nihon
1,Q83872291,2019â€“20 coronavirus outbreak in Japan,Q17,Japan,Nihon-koku
2,Q83872291,2019â€“20 coronavirus outbreak in Japan,Q17,Japan,Nippon-koku
3,Q83872291,2019â€“20 coronavirus outbreak in Japan,Q17,Japan,State of Japan
4,Q87243915,2020 coronavirus outbreak in South Africa,Q258,South Africa,SA
5,Q87243915,2020 coronavirus outbreak in South Africa,Q258,South Africa,za
6,Q87243915,2020 coronavirus outbreak in South Africa,Q258,South Africa,Republic of South Africa
7,Q87243915,2020 coronavirus outbreak in South Africa,Q258,South Africa,RSA
8,Q87243915,2020 coronavirus outbreak in South Africa,Q258,South Africa,ğŸ‡¿ğŸ‡¦
9,Q87243915,2020 coronavirus outbreak in South Africa,Q258,South Africa,zaf
10,Q87202921,2020 coronavirus outbreak in Algeria,Q262,Algeria,ALG
11,Q87202921,2020 coronavirus outbreak in Algeria,Q262,Algeria,dz
12,Q87202921,2020 coronavirus outbreak in Algeria,Q262,Algeria,ğŸ‡©ğŸ‡¿
13,Q87202921,2020 coronavirus outbreak in Algeria,Q262,Algeria,Peopleâ€™s Democratic Republic of Algeria
14,Q87191204,2020 coronavirus pandemic in Chile,Q298,Chile,CHI
15,Q87191204,2020 coronavirus pandemic in Chile,Q298,Chile,cl
16,Q87191204,2020 coronavirus pandemic in Chile,Q298,Chile,ğŸ‡¨ğŸ‡±
17,Q87191204,2020 coronavirus pandemic in Chile,Q298,Chile,Republic of Chile
18,Q87191204,2020 coronavirus pandemic in Chile,Q298,Chile,Republica de Chile
19,Q87191204,2020 coronavirus pandemic in Chile,Q298,Chile,RepÃºblica de Chile
20,Q83873387,2019â€“20 coronavirus outbreak in Singapore,Q334,Singapore,SG
21,Q83873387,2019â€“20 coronavirus outbreak in Singapore,Q334,Singapore,Garden City
22,Q83873387,2019â€“20 coronavirus outbreak in Singapore,Q334,Singapore,SGP
23,Q83873387,2019â€“20 coronavirus outbreak in Singapore,Q334,Singapore,sg
24,Q83873387,2019â€“20 coronavirus outbreak in Singapore,Q334,Singapore,Singapore City
25,Q83873387,2019â€“20 coronavirus outbreak in Singapore,Q334,Singapore,Republic of Singapore
26,Q83873387,2019â€“20 coronavirus outbreak in Singapore,Q334,Singapore,ğŸ‡¸ğŸ‡¬
27,Q83873387,2019â€“20 coronavirus outbreak in Singapore,Q334,Singapore,Lion City
28,Q87250819,2020 coronavirus pandemic in Liechtenstein,Q347,Liechtenstein,FL
29,Q87250819,2020 coronavirus pandemic in Liechtenstein,Q347,Liechtenstein,li
30,Q87250819,2020 coronavirus pandemic in Liechtenstein,Q347,Liechtenstein,LI
31,Q87250819,2020 coronavirus pandemic in Liechtenstein,Q347,Liechtenstein,LIE
32,Q87250819,2020 coronavirus pandemic in Liechtenstein,Q347,Liechtenstein,ğŸ‡±ğŸ‡®
33,Q87250819,2020 coronavirus pandemic in Liechtenstein,Q347,Liechtenstein,Principality of Liechtenstein
34,Q87070999,2020 coronavirus outbreak in Bahrain,Q398,Bahrain,BAH
35,Q87070999,2020 coronavirus outbreak in Bahrain,Q398,Bahrain,bh
36,Q87070999,2020 coronavirus outbreak in Bahrain,Q398,Bahrain,ğŸ‡§ğŸ‡­
37,Q87070999,2020 coronavirus outbreak in Bahrain,Q398,Bahrain,Kingdom of Bahrain
38,Q83873580,2020 coronavirus pandemic in Canada,Q16,Canada,CA
39,Q83873580,2020 coronavirus pandemic in Canada,Q16,Canada,ca
40,Q83873580,2020 coronavirus pandemic in Canada,Q16,Canada,CDN
41,Q83873580,2020 coronavirus pandemic in Canada,Q16,Canada,can
42,Q83873580,2020 coronavirus pandemic in Canada,Q16,Canada,CAN
43,Q83873580,2020 coronavirus pandemic in Canada,Q16,Canada,British North America
44,Q83873580,2020 coronavirus pandemic in Canada,Q16,Canada,ğŸ‡¨ğŸ‡¦
45,Q83873580,2020 coronavirus pandemic in Canada,Q16,Canada,Dominion of Canada
46,Q83872291,2019â€“20 coronavirus outbreak in Japan,Q17,Japan,JAP
47,Q83872291,2019â€“20 coronavirus outbreak in Japan,Q17,Japan,JP
48,Q83872291,2019â€“20 coronavirus outbreak in Japan,Q17,Japan,jp
49,Q83872291,2019â€“20 coronavirus outbreak in Japan,Q17,Japan,JA
50,Q83872291,2019â€“20 coronavirus outbreak in Japan,Q17,Japan,Land of the Rising Sun
51,Q83872291,2019â€“20 coronavirus outbreak in Japan,Q17,Japan,Nippon
52,Q83872291,2019â€“20 coronavirus outbreak in Japan,Q17,Japan,JPN
53,Q86886544,2020 coronavirus pandemic in Norway,Q20,Norway,NO
54,Q86886544,2020 coronavirus pandemic in Norway,Q20,Norway,Norge
55,Q86886544,2020 coronavirus pandemic in Norway,Q20,Norway,no
56,Q86886544,2020 coronavirus pandemic in Norway,Q20,Norway,NOR
57,Q86886544,2020 coronavirus pandemic in Norway,Q20,Norway,Kingdom of Norway
58,Q86886544,2020 coronavirus pandemic in Norway,Q20,Norway,ğŸ‡³ğŸ‡´
59,Q86886544,2020 coronavirus pandemic in Norway,Q20,Norway,Noreg
60,Q86886544,2020 coronavirus pandemic in Norway,Q20,Norway,NorvÃ¨ge
61,Q86886544,2020 coronavirus pandemic in Norway,Q20,Norway,Norwegen
62,Q87186365,2020 coronavirus outbreak in the Republic of Ireland,Q27,Ireland,ie
63,Q87186365,2020 coronavirus outbreak in the Republic of Ireland,Q27,Ireland,ğŸ‡®ğŸ‡ª
64,Q87186365,2020 coronavirus outbreak in the Republic of Ireland,Q27,Ireland,ireland
65,Q87186365,2020 coronavirus outbreak in the Republic of Ireland,Q27,Ireland,"Ireland, Republic of"
66,Q87186365,2020 coronavirus outbreak in the Republic of Ireland,Q27,Ireland,Republic of Ireland
67,Q88383887,2019â€“20 coronavirus pandemic in Ireland,Q27,Ireland,ie
68,Q88383887,2019â€“20 coronavirus pandemic in Ireland,Q27,Ireland,ğŸ‡®ğŸ‡ª
69,Q88383887,2019â€“20 coronavirus pandemic in Ireland,Q27,Ireland,ireland
70,Q88383887,2019â€“20 coronavirus pandemic in Ireland,Q27,Ireland,"Ireland, Republic of"
71,Q88383887,2019â€“20 coronavirus pandemic in Ireland,Q27,Ireland,Republic of Ireland
72,Q87186365,2020 coronavirus outbreak in the Republic of Ireland,Q27,Ireland,Southern Ireland
73,Q87186365,2020 coronavirus outbreak in the Republic of Ireland,Q27,Ireland,Eire
74,Q87186365,2020 coronavirus outbreak in the Republic of Ireland,Q27,Ireland,Ã‰ire
75,Q87186365,2020 coronavirus outbreak in the Republic of Ireland,Q27,Ireland,Hibernia
76,Q87186365,2020 coronavirus outbreak in the Republic of Ireland,Q27,Ireland,IRL
77,Q87186365,2020 coronavirus outbreak in the Republic of Ireland,Q27,Ireland,IE
78,Q88383887,2019â€“20 coronavirus pandemic in Ireland,Q27,Ireland,Southern Ireland
79,Q88383887,2019â€“20 coronavirus pandemic in Ireland,Q27,Ireland,Eire
80,Q88383887,2019â€“20 coronavirus pandemic in Ireland,Q27,Ireland,Ã‰ire
81,Q88383887,2019â€“20 coronavirus pandemic in Ireland,Q27,Ireland,Hibernia
82,Q88383887,2019â€“20 coronavirus pandemic in Ireland,Q27,Ireland,IRL
83,Q88383887,2019â€“20 coronavirus pandemic in Ireland,Q27,Ireland,IE
84,Q84166704,2020 coronavirus pandemic in Spain,Q29,Spain,ESP
85,Q84166704,2020 coronavirus pandemic in Spain,Q29,Spain,EspaÃ±a
86,Q84166704,2020 coronavirus pandemic in Spain,Q29,Spain,ES
87,Q84166704,2020 coronavirus pandemic in Spain,Q29,Spain,Kingdom of Spain
88,Q84166704,2020 coronavirus pandemic in Spain,Q29,Spain,ğŸ‡ªğŸ‡¸
89,Q88208091,2020 coronavirus pandemic in Galicia,Q29,Spain,ESP
90,Q88208091,2020 coronavirus pandemic in Galicia,Q29,Spain,EspaÃ±a
91,Q88208091,2020 coronavirus pandemic in Galicia,Q29,Spain,ES
92,Q88208091,2020 coronavirus pandemic in Galicia,Q29,Spain,Kingdom of Spain
93,Q88208091,2020 coronavirus pandemic in Galicia,Q29,Spain,ğŸ‡ªğŸ‡¸
94,Q88082622,2020 coronavirus pandemic in the Canary Islands,Q29,Spain,ESP
95,Q88082622,2020 coronavirus pandemic in the Canary Islands,Q29,Spain,EspaÃ±a
96,Q88082622,2020 coronavirus pandemic in the Canary Islands,Q29,Spain,ES
97,Q88082622,2020 coronavirus pandemic in the Canary Islands,Q29,Spain,Kingdom of Spain
98,Q88082622,2020 coronavirus pandemic in the Canary Islands,Q29,Spain,ğŸ‡ªğŸ‡¸
99,Q83873577,2020 COVID-19 pandemic in the United States,Q30,United States of America,America
100,Q83873577,2020 COVID-19 pandemic in the United States,Q30,United States of America,United States
101,Q83873577,2020 COVID-19 pandemic in the United States,Q30,United States of America,USA
102,Q87587763,2020 coronavirus pandemic in Peru,Q419,Peru,pe
103,Q87587763,2020 coronavirus pandemic in Peru,Q419,Peru,ğŸ‡µğŸ‡ª
104,Q87587763,2020 coronavirus pandemic in Peru,Q419,Peru,Republic of Peru
105,Q87587763,2020 coronavirus pandemic in Peru,Q419,Peru,Republica del Peru
106,Q87587763,2020 coronavirus pandemic in Peru,Q419,Peru,RepÃºblica del PerÃº
107,Q86675924,2019â€“20 coronavirus outbreak in North Korea,Q423,North Korea,kp
108,Q86675924,2019â€“20 coronavirus outbreak in North Korea,Q423,North Korea,PRK
109,Q83873548,2020 coronavirus pandemic in Australia,Q408,Australia,AU
110,Q83873548,2020 coronavirus pandemic in Australia,Q408,Australia,au
111,Q83873548,2020 coronavirus pandemic in Australia,Q408,Australia,AUS
112,Q83873548,2020 coronavirus pandemic in Australia,Q408,Australia,êœ¶
113,Q83873548,2020 coronavirus pandemic in Australia,Q408,Australia,British Colony of Australia
114,Q83873548,2020 coronavirus pandemic in Australia,Q408,Australia,Commonwealth of Australia
115,Q83873548,2020 coronavirus pandemic in Australia,Q408,Australia,Straya
116,Q87235137,2020 coronavirus outbreak in Argentina,Q414,Argentina,AR
117,Q87235137,2020 coronavirus outbreak in Argentina,Q414,Argentina,ARG
118,Q87235137,2020 coronavirus outbreak in Argentina,Q414,Argentina,ar
119,Q87235137,2020 coronavirus outbreak in Argentina,Q414,Argentina,ğŸ‡¦ğŸ‡·
120,Q87235137,2020 coronavirus outbreak in Argentina,Q414,Argentina,Argentine Republic
121,Q87648634,2020 coronavirus pandemic in Armenia,Q399,Armenia,ARM
122,Q87648634,2020 coronavirus pandemic in Armenia,Q399,Armenia,ğŸ‡¦ğŸ‡²
123,Q87648634,2020 coronavirus pandemic in Armenia,Q399,Armenia,Republic of Armenia
124,Q87193778,2020 coronavirus outbreak in Serbia,Q403,Serbia,SRB
125,Q87193778,2020 coronavirus outbreak in Serbia,Q403,Serbia,rs
126,Q87193778,2020 coronavirus outbreak in Serbia,Q403,Serbia,Republic of Serbia
127,Q87193778,2020 coronavirus outbreak in Serbia,Q403,Serbia,Republika Srbija
128,Q87193778,2020 coronavirus outbreak in Serbia,Q403,Serbia,ğŸ‡·ğŸ‡¸
129,Q87193778,2020 coronavirus outbreak in Serbia,Q403,Serbia,Srbija
130,Q86675924,2019â€“20 coronavirus outbreak in North Korea,Q423,North Korea,Dem. Rep. Korea
131,Q86675924,2019â€“20 coronavirus outbreak in North Korea,Q423,North Korea,Democratic People's Republic of Korea
132,Q86675924,2019â€“20 coronavirus outbreak in North Korea,Q423,North Korea,DPRK
133,Q86675924,2019â€“20 coronavirus outbreak in North Korea,Q423,North Korea,ğŸ‡°ğŸ‡µ
134,Q86675924,2019â€“20 coronavirus outbreak in North Korea,Q423,North Korea,N. Korea
135,Q83888864,2019â€“20 coronavirus outbreak in Cambodia,Q424,Cambodia,Camboya
136,Q83888864,2019â€“20 coronavirus outbreak in Cambodia,Q424,Cambodia,Kamboja
137,Q83888864,2019â€“20 coronavirus outbreak in Cambodia,Q424,Cambodia,Campuchia
138,Q83888864,2019â€“20 coronavirus outbreak in Cambodia,Q424,Cambodia,Kambodzha
139,Q83888864,2019â€“20 coronavirus outbreak in Cambodia,Q424,Cambodia,Kampuchea
140,Q83888864,2019â€“20 coronavirus outbreak in Cambodia,Q424,Cambodia,kh
141,Q83888864,2019â€“20 coronavirus outbreak in Cambodia,Q424,Cambodia,ğŸ‡°ğŸ‡­
142,Q83888864,2019â€“20 coronavirus outbreak in Cambodia,Q424,Cambodia,Kingdom of Cambodia
143,Q87119811,2020 coronavirus pandemic in Hungary,Q28,Hungary,HUN
144,Q87119811,2020 coronavirus pandemic in Hungary,Q28,Hungary,hu
145,Q87119811,2020 coronavirus pandemic in Hungary,Q28,Hungary,ğŸ‡­ğŸ‡º
146,Q83873577,2020 COVID-19 pandemic in the United States,Q30,United States of America,U. S. A.
147,Q83873577,2020 COVID-19 pandemic in the United States,Q30,United States of America,U. S.
148,Q84446340,2020 coronavirus pandemic in Belgium,Q31,Belgium,be
149,Q84446340,2020 coronavirus pandemic in Belgium,Q31,Belgium,ğŸ‡§ğŸ‡ª
150,Q84446340,2020 coronavirus pandemic in Belgium,Q31,Belgium,BEL
151,Q84446340,2020 coronavirus pandemic in Belgium,Q31,Belgium,Kingdom of Belgium
152,Q88137634,2020 coronavirus pandemic in Papua New Guinea,Q691,Papua New Guinea,PNG
153,Q88137634,2020 coronavirus pandemic in Papua New Guinea,Q691,Papua New Guinea,pg
154,Q88137634,2020 coronavirus pandemic in Papua New Guinea,Q691,Papua New Guinea,Independent State of Papua New Guinea
155,Q88137634,2020 coronavirus pandemic in Papua New Guinea,Q691,Papua New Guinea,ğŸ‡µğŸ‡¬
156,Q87708832,2020 coronavirus pandemic in Mongolia,Q711,Mongolia,MGL
157,Q87836826,COVID-19 pandemic in East Timor,Q574,East Timor,TLS
158,Q87836826,COVID-19 pandemic in East Timor,Q574,East Timor,Democratic Republic of East Timor
159,Q87836826,COVID-19 pandemic in East Timor,Q574,East Timor,Democratic Republic of Timor-Leste
160,Q87836826,COVID-19 pandemic in East Timor,Q574,East Timor,Timor Leste
161,Q87836826,COVID-19 pandemic in East Timor,Q574,East Timor,Timor-Leste
162,Q87836826,COVID-19 pandemic in East Timor,Q574,East Timor,tl
163,Q87836826,COVID-19 pandemic in East Timor,Q574,East Timor,ğŸ‡¹ğŸ‡±
164,Q88082670,2020 coronavirus pandemic in Chad,Q657,Chad,Tchad
165,Q88082670,2020 coronavirus pandemic in Chad,Q657,Chad,GUM
166,Q88082670,2020 coronavirus pandemic in Chad,Q657,Chad,CHA
167,Q88082670,2020 coronavirus pandemic in Chad,Q657,Chad,Ç¦umhÅ«riyyat TÅ¡Äd
168,Q88082670,2020 coronavirus pandemic in Chad,Q657,Chad,Republic of Chad
169,Q88082670,2020 coronavirus pandemic in Chad,Q657,Chad,Republique du Tchad
170,Q88082670,2020 coronavirus pandemic in Chad,Q657,Chad,RÃ©publique du Tchad
171,Q88082670,2020 coronavirus pandemic in Chad,Q657,Chad,td
172,Q88082670,2020 coronavirus pandemic in Chad,Q657,Chad,ğŸ‡¹ğŸ‡©
173,Q88082670,2020 coronavirus pandemic in Chad,Q657,Chad,Ø¬Ù…Ù‡ÙˆØ±ÙŠØ© ØªØ´Ø§Ø¯
174,Q87250803,2020 coronavirus outbreak in New Zealand,Q664,New Zealand,Aotearoa
175,Q87250803,2020 coronavirus outbreak in New Zealand,Q664,New Zealand,Dominion of New Zealand
176,Q87250803,2020 coronavirus outbreak in New Zealand,Q664,New Zealand,nz
177,Q87250803,2020 coronavirus outbreak in New Zealand,Q664,New Zealand,NZ
178,Q87250803,2020 coronavirus outbreak in New Zealand,Q664,New Zealand,ğŸ‡³ğŸ‡¿
179,Q87250803,2020 coronavirus outbreak in New Zealand,Q664,New Zealand,NZL
180,Q87708832,2020 coronavirus pandemic in Mongolia,Q711,Mongolia,MNG
181,Q87708832,2020 coronavirus pandemic in Mongolia,Q711,Mongolia,ğŸ‡²ğŸ‡³
182,Q87708832,2020 coronavirus pandemic in Mongolia,Q711,Mongolia,mn
183,Q87708832,2020 coronavirus pandemic in Mongolia,Q711,Mongolia,Mongol uls
184,Q87975745,2020 coronavirus pandemic in Fiji,Q712,Fiji,fj
185,Q87975745,2020 coronavirus pandemic in Fiji,Q712,Fiji,FIJ
186,Q87975745,2020 coronavirus pandemic in Fiji,Q712,Fiji,ğŸ‡«ğŸ‡¯
187,Q87975745,2020 coronavirus pandemic in Fiji,Q712,Fiji,Republic of Fiji
188,Q87975745,2020 coronavirus pandemic in Fiji,Q712,Fiji,Republic of the Fiji Islands
189,Q87652010,2020 coronavirus pandemic in Venezuela,Q717,Venezuela,Bolivarian Republic of Venezuela
190,Q87652010,2020 coronavirus pandemic in Venezuela,Q717,Venezuela,BR Venezuela
191,Q87652010,2020 coronavirus pandemic in Venezuela,Q717,Venezuela,Estados Unidos de Venezuela
192,Q87652010,2020 coronavirus pandemic in Venezuela,Q717,Venezuela,VE
193,Q87652010,2020 coronavirus pandemic in Venezuela,Q717,Venezuela,ğŸ‡»ğŸ‡ª
194,Q87652010,2020 coronavirus pandemic in Venezuela,Q717,Venezuela,VEN
195,Q87652010,2020 coronavirus pandemic in Venezuela,Q717,Venezuela,Vzla
196,Q87664046,2020 coronavirus pandemic in Suriname,Q730,Suriname,Dutch Guiana
197,Q87664046,2020 coronavirus pandemic in Suriname,Q730,Suriname,sr
198,Q84081576,2020 coronavirus pandemic in Sweden,Q34,Sweden,se
199,Q84081576,2020 coronavirus pandemic in Sweden,Q34,Sweden,SWE
200,Q84081576,2020 coronavirus pandemic in Sweden,Q34,Sweden,SE
201,Q84081576,2020 coronavirus pandemic in Sweden,Q34,Sweden,Kingdom of Sweden
202,Q86597685,2020 coronavirus outbreak in Denmark,Q35,Denmark,Danmark
203,Q86597685,2020 coronavirus outbreak in Denmark,Q35,Denmark,TAN
204,Q86597685,2020 coronavirus outbreak in Denmark,Q35,Denmark,DEN
205,Q86597685,2020 coronavirus outbreak in Denmark,Q35,Denmark,DK
206,Q86597685,2020 coronavirus outbreak in Denmark,Q35,Denmark,DEK
207,Q86597685,2020 coronavirus outbreak in Denmark,Q35,Denmark,dk
208,Q86597685,2020 coronavirus outbreak in Denmark,Q35,Denmark,DNK
209,Q86597685,2020 coronavirus outbreak in Denmark,Q35,Denmark,ğŸ‡©ğŸ‡°
210,Q86597685,2020 coronavirus outbreak in Denmark,Q35,Denmark,Denmark proper
211,Q86597685,2020 coronavirus outbreak in Denmark,Q35,Denmark,metropolitan Denmark
212,Q87906931,2020 coronavirus pandemic in the Faroe Islands,Q35,Denmark,Danmark
213,Q87906931,2020 coronavirus pandemic in the Faroe Islands,Q35,Denmark,TAN
214,Q87906931,2020 coronavirus pandemic in the Faroe Islands,Q35,Denmark,DEN
215,Q87906931,2020 coronavirus pandemic in the Faroe Islands,Q35,Denmark,DK
216,Q87906931,2020 coronavirus pandemic in the Faroe Islands,Q35,Denmark,DEK
217,Q87906931,2020 coronavirus pandemic in the Faroe Islands,Q35,Denmark,dk
218,Q87906931,2020 coronavirus pandemic in the Faroe Islands,Q35,Denmark,DNK
219,Q87906931,2020 coronavirus pandemic in the Faroe Islands,Q35,Denmark,ğŸ‡©ğŸ‡°
220,Q87906931,2020 coronavirus pandemic in the Faroe Islands,Q35,Denmark,Denmark proper
221,Q87906931,2020 coronavirus pandemic in the Faroe Islands,Q35,Denmark,metropolitan Denmark
222,Q87250695,2020 coronavirus pandemic in Poland,Q36,Poland,PL
223,Q87250695,2020 coronavirus pandemic in Poland,Q36,Poland,POL
224,Q83873577,2020 COVID-19 pandemic in the United States,Q30,United States of America,the United States
225,Q83873577,2020 COVID-19 pandemic in the United States,Q30,United States of America,the United States of America
226,Q83873577,2020 COVID-19 pandemic in the United States,Q30,United States of America,the US
227,Q83873577,2020 COVID-19 pandemic in the United States,Q30,United States of America,the USA
228,Q83873577,2020 COVID-19 pandemic in the United States,Q30,United States of America,U.S.
229,Q83873577,2020 COVID-19 pandemic in the United States,Q30,United States of America,U.S.A.
230,Q83873577,2020 COVID-19 pandemic in the United States,Q30,United States of America,US
231,Q83873577,2020 COVID-19 pandemic in the United States,Q30,United States of America,US of A
232,Q87250713,2020 coronavirus outbreak in Ecuador,Q736,Ecuador,ec
233,Q87250713,2020 coronavirus outbreak in Ecuador,Q736,Ecuador,ğŸ‡ªğŸ‡¨
234,Q87250713,2020 coronavirus outbreak in Ecuador,Q736,Ecuador,Republic of Ecuador
235,Q87250713,2020 coronavirus outbreak in Ecuador,Q736,Ecuador,Republic of the Equator
236,Q87250713,2020 coronavirus outbreak in Ecuador,Q736,Ecuador,The Ecuadorian State
237,Q87250860,2020 coronavirus pandemic in Luxembourg,Q32,Luxembourg,LU
238,Q87250860,2020 coronavirus pandemic in Luxembourg,Q32,Luxembourg,LUX
239,Q87250860,2020 coronavirus pandemic in Luxembourg,Q32,Luxembourg,Luxemburg
240,Q87250860,2020 coronavirus pandemic in Luxembourg,Q32,Luxembourg,lu
241,Q84055415,2019â€“20 coronavirus outbreak in Finland,Q33,Finland,Finlandia
242,Q84055415,2019â€“20 coronavirus outbreak in Finland,Q33,Finland,Suomi
243,Q84055415,2019â€“20 coronavirus outbreak in Finland,Q33,Finland,FIN
244,Q84055415,2019â€“20 coronavirus outbreak in Finland,Q33,Finland,Finnland
245,Q84055415,2019â€“20 coronavirus outbreak in Finland,Q33,Finland,fi
246,Q84055415,2019â€“20 coronavirus outbreak in Finland,Q33,Finland,ğŸ‡«ğŸ‡®
247,Q84055415,2019â€“20 coronavirus outbreak in Finland,Q33,Finland,Finlande
248,Q84055415,2019â€“20 coronavirus outbreak in Finland,Q33,Finland,Finnia
249,Q84055415,2019â€“20 coronavirus outbreak in Finland,Q33,Finland,Land of Thousand Lakes
250,Q84055415,2019â€“20 coronavirus outbreak in Finland,Q33,Finland,Republic of Finland
251,Q84055415,2019â€“20 coronavirus outbreak in Finland,Q33,Finland,Republiken Finland
252,Q84055415,2019â€“20 coronavirus outbreak in Finland,Q33,Finland,Suomen tasavalta
253,Q87250860,2020 coronavirus pandemic in Luxembourg,Q32,Luxembourg,Grand Duchy of Luxembourg
254,Q87250860,2020 coronavirus pandemic in Luxembourg,Q32,Luxembourg,ğŸ‡±ğŸ‡º
255,Q87250695,2020 coronavirus pandemic in Poland,Q36,Poland,Polska
256,Q87250695,2020 coronavirus pandemic in Poland,Q36,Poland,ğŸ‡µğŸ‡±
257,Q87250695,2020 coronavirus pandemic in Poland,Q36,Poland,Republic of Poland
258,Q87483673,2020 coronavirus pandemic in Colombia,Q739,Colombia,COL
259,Q87483673,2020 coronavirus pandemic in Colombia,Q739,Colombia,ğŸ‡¨ğŸ‡´
260,Q87483673,2020 coronavirus pandemic in Colombia,Q739,Colombia,Republic of Colombia
261,Q87483673,2020 coronavirus pandemic in Colombia,Q739,Colombia,Republica de Colombia
262,Q87483673,2020 coronavirus pandemic in Colombia,Q739,Colombia,RepÃºblica de Colombia
263,Q87483673,2020 coronavirus pandemic in Colombia,Q739,Colombia,"Cartagena, Colombia"
264,Q87480220,2020 coronavirus outbreak in Bolivia,Q750,Bolivia,BOL
265,Q87480220,2020 coronavirus outbreak in Bolivia,Q750,Bolivia,bo
266,Q87480220,2020 coronavirus outbreak in Bolivia,Q750,Bolivia,ğŸ‡§ğŸ‡´
267,Q87480220,2020 coronavirus outbreak in Bolivia,Q750,Bolivia,bol
268,Q87480220,2020 coronavirus outbreak in Bolivia,Q750,Bolivia,Plurinational State of Bolivia
269,Q87480220,2020 coronavirus outbreak in Bolivia,Q750,Bolivia,Republic of Bolivia
270,Q84055514,2020 coronavirus pandemic in India,Q668,India,IND
271,Q84055514,2020 coronavirus pandemic in India,Q668,India,in
272,Q84055514,2020 coronavirus pandemic in India,Q668,India,Bharat
273,Q84055514,2020 coronavirus pandemic in India,Q668,India,Bharatvarsh
274,Q84055514,2020 coronavirus pandemic in India,Q668,India,Hindustan
275,Q84055514,2020 coronavirus pandemic in India,Q668,India,IN
276,Q84055514,2020 coronavirus pandemic in India,Q668,India,ğŸ‡®ğŸ‡³
277,Q84055514,2020 coronavirus pandemic in India,Q668,India,Republic of India
278,Q87664046,2020 coronavirus pandemic in Suriname,Q730,Suriname,Surinam
279,Q87664046,2020 coronavirus pandemic in Suriname,Q730,Suriname,SUR
280,Q87664046,2020 coronavirus pandemic in Suriname,Q730,Suriname,Republic of Surinam
281,Q87664046,2020 coronavirus pandemic in Suriname,Q730,Suriname,Republic of Suriname
282,Q87664046,2020 coronavirus pandemic in Suriname,Q730,Suriname,ğŸ‡¸ğŸ‡·
283,Q87659698,2020 coronavirus pandemic in Guyana,Q734,Guyana,Co-operative Republic of Guyana
284,Q87659698,2020 coronavirus pandemic in Guyana,Q734,Guyana,GUY
285,Q87659698,2020 coronavirus pandemic in Guyana,Q734,Guyana,gy
286,Q87659698,2020 coronavirus pandemic in Guyana,Q734,Guyana,ğŸ‡¬ğŸ‡¾
287,Q87659698,2020 coronavirus pandemic in Guyana,Q734,Guyana,Republic of Guyana
288,Q87589123,2020 coronavirus pandemic in Paraguay,Q733,Paraguay,py
289,Q87589123,2020 coronavirus pandemic in Paraguay,Q733,Paraguay,Heart of South America
290,Q87589123,2020 coronavirus pandemic in Paraguay,Q733,Paraguay,ğŸ‡µğŸ‡¾
291,Q87589123,2020 coronavirus pandemic in Paraguay,Q733,Paraguay,Republic of Paraguay
292,Q87250713,2020 coronavirus outbreak in Ecuador,Q736,Ecuador,ECU
293,Q87250713,2020 coronavirus outbreak in Ecuador,Q736,Ecuador,EC
294,Q87250713,2020 coronavirus outbreak in Ecuador,Q736,Ecuador,ecu
295,Q87250838,2020 coronavirus outbreak in Lithuania,Q37,Lithuania,LTU
296,Q87250838,2020 coronavirus outbreak in Lithuania,Q37,Lithuania,lt
297,Q87250838,2020 coronavirus outbreak in Lithuania,Q37,Lithuania,Lietuva
298,Q87250838,2020 coronavirus outbreak in Lithuania,Q37,Lithuania,ğŸ‡±ğŸ‡¹
299,Q87250838,2020 coronavirus outbreak in Lithuania,Q37,Lithuania,Republic of Lithuania
300,Q87694131,2020 coronavirus pandemic in Trinidad and Tobago,Q754,Trinidad and Tobago,TTO
301,Q87694131,2020 coronavirus pandemic in Trinidad and Tobago,Q754,Trinidad and Tobago,tt
302,Q87694131,2020 coronavirus pandemic in Trinidad and Tobago,Q754,Trinidad and Tobago,Republic of Trinidad and Tobago
303,Q87694131,2020 coronavirus pandemic in Trinidad and Tobago,Q754,Trinidad and Tobago,ğŸ‡¹ğŸ‡¹
304,Q87687648,2020 coronavirus pandemic in Saint Vincent and the Grenadines,Q757,Saint Vincent and the Grenadines,St. Vincent
305,Q87687648,2020 coronavirus pandemic in Saint Vincent and the Grenadines,Q757,Saint Vincent and the Grenadines,St Vincent
306,Q87687648,2020 coronavirus pandemic in Saint Vincent and the Grenadines,Q757,Saint Vincent and the Grenadines,Saint Vincent
307,Q87687648,2020 coronavirus pandemic in Saint Vincent and the Grenadines,Q757,Saint Vincent and the Grenadines,St Vincent and the Grenadines
308,Q87687648,2020 coronavirus pandemic in Saint Vincent and the Grenadines,Q757,Saint Vincent and the Grenadines,St. Vincent and the Grenadines
309,Q87687648,2020 coronavirus pandemic in Saint Vincent and the Grenadines,Q757,Saint Vincent and the Grenadines,vc
310,Q87687648,2020 coronavirus pandemic in Saint Vincent and the Grenadines,Q757,Saint Vincent and the Grenadines,ğŸ‡»ğŸ‡¨
311,Q87707727,2020 coronavirus pandemic in Saint Lucia,Q760,Saint Lucia,St Lucia
312,Q87707727,2020 coronavirus pandemic in Saint Lucia,Q760,Saint Lucia,St. Lucia
313,Q87707727,2020 coronavirus pandemic in Saint Lucia,Q760,Saint Lucia,lc
314,Q87707727,2020 coronavirus pandemic in Saint Lucia,Q760,Saint Lucia,ğŸ‡±ğŸ‡¨
315,Q87610822,2020 coronavirus pandemic in Jamaica,Q766,Jamaica,JAM
316,Q87610822,2020 coronavirus pandemic in Jamaica,Q766,Jamaica,JA
317,Q87610822,2020 coronavirus pandemic in Jamaica,Q766,Jamaica,Commonwealth of Jamaica
318,Q87610822,2020 coronavirus pandemic in Jamaica,Q766,Jamaica,jm
319,Q87610822,2020 coronavirus pandemic in Jamaica,Q766,Jamaica,ğŸ‡¯ğŸ‡²
320,Q86717788,2020 coronavirus pandemic in Switzerland,Q39,Switzerland,Swiss Confederation
321,Q86717788,2020 coronavirus pandemic in Switzerland,Q39,Switzerland,Suisse
322,Q86717788,2020 coronavirus pandemic in Switzerland,Q39,Switzerland,SUI
323,Q86717788,2020 coronavirus pandemic in Switzerland,Q39,Switzerland,Svizzera
324,Q87563855,2020 coronavirus pandemic in the Dominican Republic,Q786,Dominican Republic,RD
325,Q87563855,2020 coronavirus pandemic in the Dominican Republic,Q786,Dominican Republic,DR
326,Q87563855,2020 coronavirus pandemic in the Dominican Republic,Q786,Dominican Republic,ğŸ‡©ğŸ‡´
327,Q87563855,2020 coronavirus pandemic in the Dominican Republic,Q786,Dominican Republic,Republica Dominicana
328,Q87563855,2020 coronavirus pandemic in the Dominican Republic,Q786,Dominican Republic,RepÃºblica Dominicana
329,Q88356648,2020 coronavirus pandemic in Dominica,Q784,Dominica,dm
330,Q88356648,2020 coronavirus pandemic in Dominica,Q784,Dominica,DMA
331,Q88356648,2020 coronavirus pandemic in Dominica,Q784,Dominica,DOM
332,Q88356648,2020 coronavirus pandemic in Dominica,Q784,Dominica,Commonwealth of Dominica
333,Q88356648,2020 coronavirus pandemic in Dominica,Q784,Dominica,ğŸ‡©ğŸ‡²
334,Q88356648,2020 coronavirus pandemic in Dominica,Q784,Dominica,The Commonwealth of Dominica
335,Q88082693,2020 coronavirus pandemic in Haiti,Q790,Haiti,HT
336,Q88082693,2020 coronavirus pandemic in Haiti,Q790,Haiti,Hayti
337,Q88082693,2020 coronavirus pandemic in Haiti,Q790,Haiti,ht
338,Q88082693,2020 coronavirus pandemic in Haiti,Q790,Haiti,HAI
339,Q88082693,2020 coronavirus pandemic in Haiti,Q790,Haiti,Ayiti
340,Q88082693,2020 coronavirus pandemic in Haiti,Q790,Haiti,Haitian Republic
341,Q88082693,2020 coronavirus pandemic in Haiti,Q790,Haiti,ğŸ‡­ğŸ‡¹
342,Q88082693,2020 coronavirus pandemic in Haiti,Q790,Haiti,Republic of Haiti
343,Q88082693,2020 coronavirus pandemic in Haiti,Q790,Haiti,RÃ©publique d'HaÃ¯ti
344,Q84104992,2020 coronavirus pandemic in Italy,Q38,Italy,ITA
345,Q84104992,2020 coronavirus pandemic in Italy,Q38,Italy,it
346,Q84104992,2020 coronavirus pandemic in Italy,Q38,Italy,IT
347,Q84104992,2020 coronavirus pandemic in Italy,Q38,Italy,ğŸ‡®ğŸ‡¹
348,Q84104992,2020 coronavirus pandemic in Italy,Q38,Italy,Italia
349,Q84104992,2020 coronavirus pandemic in Italy,Q38,Italy,Italian Republic
350,Q86717788,2020 coronavirus pandemic in Switzerland,Q39,Switzerland,Swiss
351,Q86847911,2020 coronavirus pandemic in Austria,Q40,Austria,AT
352,Q86847911,2020 coronavirus pandemic in Austria,Q40,Austria,AUT
353,Q86847911,2020 coronavirus pandemic in Austria,Q40,Austria,at
354,Q86847911,2020 coronavirus pandemic in Austria,Q40,Austria,Republic of Austria
355,Q86847911,2020 coronavirus pandemic in Austria,Q40,Austria,Republik Ã–sterreich
356,Q86847911,2020 coronavirus pandemic in Austria,Q40,Austria,Ã–sterreich
357,Q86847911,2020 coronavirus pandemic in Austria,Q40,Austria,ğŸ‡¦ğŸ‡¹
358,Q85876114,2020 coronavirus outbreak in Iran,Q794,Iran,Persia
359,Q85876114,2020 coronavirus outbreak in Iran,Q794,Iran,ir
360,Q85876114,2020 coronavirus outbreak in Iran,Q794,Iran,ğŸ‡®ğŸ‡·
361,Q85876114,2020 coronavirus outbreak in Iran,Q794,Iran,Islamic Rep. Iran
362,Q85876114,2020 coronavirus outbreak in Iran,Q794,Iran,Islamic Republic of Iran
363,Q85876114,2020 coronavirus outbreak in Iran,Q794,Iran,Republic of Iran
364,Q87976489,2020 coronavirus pandemic in El Salvador,Q792,El Salvador,ESA
365,Q87976489,2020 coronavirus pandemic in El Salvador,Q792,El Salvador,sv
366,Q87976489,2020 coronavirus pandemic in El Salvador,Q792,El Salvador,Republic of El Salvador
367,Q87976489,2020 coronavirus pandemic in El Salvador,Q792,El Salvador,ğŸ‡¸ğŸ‡»
368,Q86733728,2020 coronavirus outbreak in Iraq,Q796,Iraq,IRQ
369,Q87477462,2020 coronavirus outbreak in Costa Rica,Q800,Costa Rica,CRI
370,Q87477462,2020 coronavirus outbreak in Costa Rica,Q800,Costa Rica,cr
371,Q87477462,2020 coronavirus outbreak in Costa Rica,Q800,Costa Rica,ğŸ‡¨ğŸ‡·
372,Q87477462,2020 coronavirus outbreak in Costa Rica,Q800,Costa Rica,Republic of Costa Rica
373,Q87068864,2020 coronavirus pandemic in Greece,Q41,Greece,Hellas
374,Q87068864,2020 coronavirus pandemic in Greece,Q41,Greece,Hellenic Republic
375,Q87068864,2020 coronavirus pandemic in Greece,Q41,Greece,gr
376,Q87068864,2020 coronavirus pandemic in Greece,Q41,Greece,GRE
377,Q87068864,2020 coronavirus pandemic in Greece,Q41,Greece,ğŸ‡¬ğŸ‡·
378,Q87068864,2020 coronavirus pandemic in Greece,Q41,Greece,Greek Republic
379,Q87669612,2020 coronavirus pandemic in Guatemala,Q774,Guatemala,gt
380,Q87669612,2020 coronavirus pandemic in Guatemala,Q774,Guatemala,GUA
381,Q87669612,2020 coronavirus pandemic in Guatemala,Q774,Guatemala,ğŸ‡¬ğŸ‡¹
382,Q87669612,2020 coronavirus pandemic in Guatemala,Q774,Guatemala,Republic of Guatemala
383,Q87755488,2020 coronavirus pandemic in the Bahamas,Q778,Bahamas,bs
384,Q87755488,2020 coronavirus pandemic in the Bahamas,Q778,Bahamas,Bahama Islands
385,Q87755488,2020 coronavirus pandemic in the Bahamas,Q778,Bahamas,ğŸ‡§ğŸ‡¸
386,Q87755488,2020 coronavirus pandemic in the Bahamas,Q778,Bahamas,Commonwealth of the Bahamas
387,Q87755488,2020 coronavirus pandemic in the Bahamas,Q778,Bahamas,The Bahamas
388,Q87589392,2020 coronavirus pandemic in Honduras,Q783,Honduras,HON
389,Q87589392,2020 coronavirus pandemic in Honduras,Q783,Honduras,hn
390,Q87589392,2020 coronavirus pandemic in Honduras,Q783,Honduras,ğŸ‡­ğŸ‡³
391,Q87589392,2020 coronavirus pandemic in Honduras,Q783,Honduras,Honduran Republic
392,Q87589392,2020 coronavirus pandemic in Honduras,Q783,Honduras,Republic of Honduras
393,Q87708331,2020 coronavirus pandemic in Antigua and Barbuda,Q781,Antigua and Barbuda,ag
394,Q87708331,2020 coronavirus pandemic in Antigua and Barbuda,Q781,Antigua and Barbuda,ANT
395,Q87708331,2020 coronavirus pandemic in Antigua and Barbuda,Q781,Antigua and Barbuda,ğŸ‡¦ğŸ‡¬
396,Q87473205,2020 coronavirus outbreak in Turkey,Q43,Turkey,Republic of Turkey
397,Q87473205,2020 coronavirus outbreak in Turkey,Q43,Turkey,tr
398,Q87473205,2020 coronavirus outbreak in Turkey,Q43,Turkey,ğŸ‡¹ğŸ‡·
399,Q87473205,2020 coronavirus outbreak in Turkey,Q43,Turkey,TUR
400,Q87589148,2020 coronavirus pandemic in Jordan,Q810,Jordan,Hashemite Kingdom of Jordan
401,Q87589148,2020 coronavirus pandemic in Jordan,Q810,Jordan,jo
402,Q87589148,2020 coronavirus pandemic in Jordan,Q810,Jordan,ğŸ‡¯ğŸ‡´
403,Q87589148,2020 coronavirus pandemic in Jordan,Q810,Jordan,Kingdom of Jordan
404,Q87976701,2020 coronavirus pandemic in Nicaragua,Q811,Nicaragua,NI
405,Q87976701,2020 coronavirus pandemic in Nicaragua,Q811,Nicaragua,NIC
406,Q87976701,2020 coronavirus pandemic in Nicaragua,Q811,Nicaragua,NCA
407,Q87976701,2020 coronavirus pandemic in Nicaragua,Q811,Nicaragua,ni
408,Q87976701,2020 coronavirus pandemic in Nicaragua,Q811,Nicaragua,ğŸ‡³ğŸ‡®
409,Q87976701,2020 coronavirus pandemic in Nicaragua,Q811,Nicaragua,Republic of Nicaragua
410,Q87902950,2020 coronavirus pandemic in Kyrgyzstan,Q813,Kyrgyzstan,kg
411,Q87902950,2020 coronavirus pandemic in Kyrgyzstan,Q813,Kyrgyzstan,KGZ
412,Q87902950,2020 coronavirus pandemic in Kyrgyzstan,Q813,Kyrgyzstan,ğŸ‡°ğŸ‡¬
413,Q87902950,2020 coronavirus pandemic in Kyrgyzstan,Q813,Kyrgyzstan,Kirgizia
414,Q87902950,2020 coronavirus pandemic in Kyrgyzstan,Q813,Kyrgyzstan,Kyrgyz Republic
415,Q87070975,2020 coronavirus pandemic in Israel,Q801,Israel,Holy Land
416,Q87070975,2020 coronavirus pandemic in Israel,Q801,Israel,il
417,Q87070975,2020 coronavirus pandemic in Israel,Q801,Israel,ğŸ‡®ğŸ‡±
418,Q87070975,2020 coronavirus pandemic in Israel,Q801,Israel,ISR
419,Q87070975,2020 coronavirus pandemic in Israel,Q801,Israel,State of Israel
420,Q87070975,2020 coronavirus pandemic in Israel,Q801,Israel,the Jewish state
421,Q87477841,2020 coronavirus outbreak in Panama,Q804,Panama,pa
422,Q87477841,2020 coronavirus outbreak in Panama,Q804,Panama,ğŸ‡µğŸ‡¦
423,Q87477841,2020 coronavirus outbreak in Panama,Q804,Panama,Republic of Panama
424,Q87589148,2020 coronavirus pandemic in Jordan,Q810,Jordan,JO
425,Q87589148,2020 coronavirus pandemic in Jordan,Q810,Jordan,JOR
426,Q86733728,2020 coronavirus outbreak in Iraq,Q796,Iraq,al-â€˜IrÄq
427,Q86733728,2020 coronavirus outbreak in Iraq,Q796,Iraq,iq
428,Q86733728,2020 coronavirus outbreak in Iraq,Q796,Iraq,ğŸ‡®ğŸ‡¶
429,Q86733728,2020 coronavirus outbreak in Iraq,Q796,Iraq,JumhÅ«riyyat al-â€˜IrÄq
430,Q86733728,2020 coronavirus outbreak in Iraq,Q796,Iraq,Komar-i â€˜ÃŠraq
431,Q86733728,2020 coronavirus outbreak in Iraq,Q796,Iraq,Republic of Iraq
432,Q87477462,2020 coronavirus outbreak in Costa Rica,Q800,Costa Rica,CRC
433,Q88521330,2020 coronavirus pandemic in Laos,Q819,Laos,la
434,Q88521330,2020 coronavirus pandemic in Laos,Q819,Laos,ğŸ‡±ğŸ‡¦
435,Q88521330,2020 coronavirus pandemic in Laos,Q819,Laos,LAO
436,Q88521330,2020 coronavirus pandemic in Laos,Q819,Laos,Lao PDR
437,Q88521330,2020 coronavirus pandemic in Laos,Q819,Laos,Lao People's Democratic Republic
438,Q87250691,2020 coronavirus outbreak in Kuwait,Q817,Kuwait,KUW
439,Q87250691,2020 coronavirus outbreak in Kuwait,Q817,Kuwait,Dawlat al-Kuwait
440,Q87250691,2020 coronavirus outbreak in Kuwait,Q817,Kuwait,kw
441,Q87250691,2020 coronavirus outbreak in Kuwait,Q817,Kuwait,ğŸ‡°ğŸ‡¼
442,Q87250691,2020 coronavirus outbreak in Kuwait,Q817,Kuwait,State of Kuwait
443,Q87245450,2020 coronavirus outbreak in Lebanon,Q822,Lebanon,lb
444,Q86717788,2020 coronavirus pandemic in Switzerland,Q39,Switzerland,CH
445,Q86717788,2020 coronavirus pandemic in Switzerland,Q39,Switzerland,CHE
446,Q86717788,2020 coronavirus pandemic in Switzerland,Q39,Switzerland,Schweiz
447,Q86756826,2020 coronavirus outbreak in the Netherlands,Q55,Netherlands,Nederland
448,Q86756826,2020 coronavirus outbreak in the Netherlands,Q55,Netherlands,NED
449,Q86756826,2020 coronavirus outbreak in the Netherlands,Q55,Netherlands,nl
450,Q86756826,2020 coronavirus outbreak in the Netherlands,Q55,Netherlands,the Netherlands
451,Q86756826,2020 coronavirus outbreak in the Netherlands,Q55,Netherlands,Netherlands (after 1945)
452,Q86756826,2020 coronavirus outbreak in the Netherlands,Q55,Netherlands,ğŸ‡³ğŸ‡±
453,Q86948603,2020 coronavirus pandemic in Portugal,Q45,Portugal,Portuguese Republic
454,Q86948603,2020 coronavirus pandemic in Portugal,Q45,Portugal,pt
455,Q86948603,2020 coronavirus pandemic in Portugal,Q45,Portugal,PT
456,Q86948603,2020 coronavirus pandemic in Portugal,Q45,Portugal,ğŸ‡µğŸ‡¹
457,Q86756826,2020 coronavirus outbreak in the Netherlands,Q55,Netherlands,NL
458,Q86756826,2020 coronavirus outbreak in the Netherlands,Q55,Netherlands,Holland
459,Q88460663,2020 coronavirus pandemic in Myanmar,Q836,Myanmar,ğŸ‡²ğŸ‡²
460,Q88460663,2020 coronavirus pandemic in Myanmar,Q836,Myanmar,MYA
461,Q88460663,2020 coronavirus pandemic in Myanmar,Q836,Myanmar,Republic of the Union of Myanmar
462,Q83873573,2019â€“20 coronavirus outbreak in Nepal,Q837,Nepal,NPL
463,Q83873573,2019â€“20 coronavirus outbreak in Nepal,Q837,Nepal,ğŸ‡³ğŸ‡µ
464,Q83873573,2019â€“20 coronavirus outbreak in Nepal,Q837,Nepal,NP
465,Q83873573,2019â€“20 coronavirus outbreak in Nepal,Q837,Nepal,NEP
466,Q87116829,2020 coronavirus outbreak in Egypt,Q79,Egypt,EGY
467,Q87116829,2020 coronavirus outbreak in Egypt,Q79,Egypt,eg
468,Q87116829,2020 coronavirus outbreak in Egypt,Q79,Egypt,Republic of Egypt
469,Q87116829,2020 coronavirus outbreak in Egypt,Q79,Egypt,Arab Rep. Egypt
470,Q87116829,2020 coronavirus outbreak in Egypt,Q79,Egypt,Arab Republic of Egypt
471,Q87116829,2020 coronavirus outbreak in Egypt,Q79,Egypt,ğŸ‡ªğŸ‡¬
472,Q87116829,2020 coronavirus outbreak in Egypt,Q79,Egypt,Rep. Egypt
473,Q87660365,2020 coronavirus pandemic in Uruguay,Q77,Uruguay,Republica Oriental del Uruguay
474,Q87660365,2020 coronavirus pandemic in Uruguay,Q77,Uruguay,RepÃºblica Oriental del Uruguay
475,Q87660365,2020 coronavirus pandemic in Uruguay,Q77,Uruguay,URU
476,Q87660365,2020 coronavirus pandemic in Uruguay,Q77,Uruguay,uy
477,Q87660365,2020 coronavirus pandemic in Uruguay,Q77,Uruguay,ğŸ‡ºğŸ‡¾
478,Q87245450,2020 coronavirus outbreak in Lebanon,Q822,Lebanon,ğŸ‡±ğŸ‡§
479,Q87245450,2020 coronavirus outbreak in Lebanon,Q822,Lebanon,LBN
480,Q87245450,2020 coronavirus outbreak in Lebanon,Q822,Lebanon,Lebanese Republic
481,Q87245450,2020 coronavirus outbreak in Lebanon,Q822,Lebanon,Republic of Lebanon
482,Q87662895,2020 coronavirus pandemic in the Maldives,Q826,Maldives,mv
483,Q87662895,2020 coronavirus pandemic in the Maldives,Q826,Maldives,MDV
484,Q87662895,2020 coronavirus pandemic in the Maldives,Q826,Maldives,ğŸ‡²ğŸ‡»
485,Q87662895,2020 coronavirus pandemic in the Maldives,Q826,Maldives,Republic of Maldives
486,Q83873556,2019â€“20 coronavirus outbreak in Malaysia,Q833,Malaysia,MYS
487,Q83873556,2019â€“20 coronavirus outbreak in Malaysia,Q833,Malaysia,my
488,Q83873556,2019â€“20 coronavirus outbreak in Malaysia,Q833,Malaysia,MAS
489,Q83873556,2019â€“20 coronavirus outbreak in Malaysia,Q833,Malaysia,Federation of Malaysia
490,Q83873556,2019â€“20 coronavirus outbreak in Malaysia,Q833,Malaysia,Malaysia Federation
491,Q83873556,2019â€“20 coronavirus outbreak in Malaysia,Q833,Malaysia,ğŸ‡²ğŸ‡¾
492,Q88082727,2020 coronavirus pandemic in Klang Valley,Q833,Malaysia,MYS
493,Q88082727,2020 coronavirus pandemic in Klang Valley,Q833,Malaysia,my
494,Q88082727,2020 coronavirus pandemic in Klang Valley,Q833,Malaysia,MAS
495,Q88082727,2020 coronavirus pandemic in Klang Valley,Q833,Malaysia,Federation of Malaysia
496,Q88082727,2020 coronavirus pandemic in Klang Valley,Q833,Malaysia,Malaysia Federation
497,Q88082727,2020 coronavirus pandemic in Klang Valley,Q833,Malaysia,ğŸ‡²ğŸ‡¾
498,Q88460663,2020 coronavirus pandemic in Myanmar,Q836,Myanmar,MM
499,Q88460663,2020 coronavirus pandemic in Myanmar,Q836,Myanmar,Burma
500,Q88460663,2020 coronavirus pandemic in Myanmar,Q836,Myanmar,BUR
501,Q88460663,2020 coronavirus pandemic in Myanmar,Q836,Myanmar,Union of Burma
502,Q83873573,2019â€“20 coronavirus outbreak in Nepal,Q837,Nepal,Federal Democratic Republic of Nepal
503,Q87454162,2020 coronavirus outbreak in Oman,Q842,Oman,om
504,Q87454162,2020 coronavirus outbreak in Oman,Q842,Oman,ğŸ‡´ğŸ‡²
505,Q87454162,2020 coronavirus outbreak in Oman,Q842,Oman,Sultanate of Oman
506,Q87652000,2020 coronavirus pandemic in Pakistan,Q843,Pakistan,pk
507,Q87652000,2020 coronavirus pandemic in Pakistan,Q843,Pakistan,PAK
508,Q87652000,2020 coronavirus pandemic in Pakistan,Q843,Pakistan,Islamic Republic of Pakistan
509,Q87652000,2020 coronavirus pandemic in Pakistan,Q843,Pakistan,ğŸ‡µğŸ‡°
510,Q86628344,2020 coronavirus outbreak in Mexico,Q96,Mexico,MEX
511,Q86628344,2020 coronavirus outbreak in Mexico,Q96,Mexico,Mexican Republic
512,Q86628344,2020 coronavirus outbreak in Mexico,Q96,Mexico,MX
513,Q86628344,2020 coronavirus outbreak in Mexico,Q96,Mexico,mx
514,Q86628344,2020 coronavirus outbreak in Mexico,Q96,Mexico,ğŸ‡²ğŸ‡½
515,Q86628344,2020 coronavirus outbreak in Mexico,Q96,Mexico,United Mexican States
516,Q87705884,2020 coronavirus pandemic in Kenya,Q114,Kenya,KE
517,Q87705884,2020 coronavirus pandemic in Kenya,Q114,Kenya,ke
518,Q87733671,2020 coronavirus pandemic in Qatar,Q846,Qatar,ğŸ‡¶ğŸ‡¦
519,Q87733671,2020 coronavirus pandemic in Qatar,Q846,Qatar,qa
520,Q87733671,2020 coronavirus pandemic in Qatar,Q846,Qatar,State of Qatar
521,Q87186117,2020 coronavirus outbreak in Saudi Arabia,Q851,Saudi Arabia,sa
522,Q87186117,2020 coronavirus outbreak in Saudi Arabia,Q851,Saudi Arabia,KSA
523,Q87186117,2020 coronavirus outbreak in Saudi Arabia,Q851,Saudi Arabia,ğŸ‡¸ğŸ‡¦
524,Q87186117,2020 coronavirus outbreak in Saudi Arabia,Q851,Saudi Arabia,Kingdom of Saudi Arabia
525,Q87705884,2020 coronavirus pandemic in Kenya,Q114,Kenya,ğŸ‡°ğŸ‡ª
526,Q87705884,2020 coronavirus pandemic in Kenya,Q114,Kenya,KEN
527,Q87705884,2020 coronavirus pandemic in Kenya,Q114,Kenya,Republic of Kenya
528,Q87665038,2020 coronavirus pandemic in Ethiopia,Q115,Ethiopia,et
529,Q87665038,2020 coronavirus pandemic in Ethiopia,Q115,Ethiopia,ğŸ‡ªğŸ‡¹
530,Q87665038,2020 coronavirus pandemic in Ethiopia,Q115,Ethiopia,ETH
531,Q87665038,2020 coronavirus pandemic in Ethiopia,Q115,Ethiopia,Federal Democratic Republic of Ethiopia
532,Q87666247,2020 coronavirus pandemic in Ghana,Q117,Ghana,GHA
533,Q87666247,2020 coronavirus pandemic in Ghana,Q117,Ghana,gh
534,Q87666247,2020 coronavirus pandemic in Ghana,Q117,Ghana,ğŸ‡¬ğŸ‡­
535,Q87666247,2020 coronavirus pandemic in Ghana,Q117,Ghana,Republic of Ghana
536,Q83873593,2020 coronavirus pandemic in France,Q142,France,Republic of France
537,Q83873593,2020 coronavirus pandemic in France,Q142,France,RÃ©publique franÃ§aise
538,Q83889114,2019â€“20 coronavirus outbreak in Sri Lanka,Q854,Sri Lanka,Ceylon
539,Q83889114,2019â€“20 coronavirus outbreak in Sri Lanka,Q854,Sri Lanka,Ceylan
540,Q83889114,2019â€“20 coronavirus outbreak in Sri Lanka,Q854,Sri Lanka,SRI
541,Q83889114,2019â€“20 coronavirus outbreak in Sri Lanka,Q854,Sri Lanka,Srilanka
542,Q83889114,2019â€“20 coronavirus outbreak in Sri Lanka,Q854,Sri Lanka,ce
543,Q83889114,2019â€“20 coronavirus outbreak in Sri Lanka,Q854,Sri Lanka,Democratic Socialist Republic of Sri Lanka
544,Q83889114,2019â€“20 coronavirus outbreak in Sri Lanka,Q854,Sri Lanka,"Lanka, Sri"
545,Q83889114,2019â€“20 coronavirus outbreak in Sri Lanka,Q854,Sri Lanka,lk
546,Q83889114,2019â€“20 coronavirus outbreak in Sri Lanka,Q854,Sri Lanka,ğŸ‡±ğŸ‡°
547,Q83889114,2019â€“20 coronavirus outbreak in Sri Lanka,Q854,Sri Lanka,lke
548,Q83889114,2019â€“20 coronavirus outbreak in Sri Lanka,Q854,Sri Lanka,Serendib
549,Q83889114,2019â€“20 coronavirus outbreak in Sri Lanka,Q854,Sri Lanka,sri
550,Q83889114,2019â€“20 coronavirus outbreak in Sri Lanka,Q854,Sri Lanka,Taprobane
551,Q87814953,2020 coronavirus pandemic in Syria,Q858,Syria,SYR
552,Q87814953,2020 coronavirus pandemic in Syria,Q858,Syria,sy
553,Q87814953,2020 coronavirus pandemic in Syria,Q858,Syria,ğŸ‡¸ğŸ‡¾
554,Q87814953,2020 coronavirus pandemic in Syria,Q858,Syria,Syrian Arab Republic
555,Q87814953,2020 coronavirus pandemic in Syria,Q858,Syria,Ba'athist Syria
556,Q84081307,2019â€“20 coronavirus outbreak in Taiwan,Q865,Taiwan,tw
557,Q84081307,2019â€“20 coronavirus outbreak in Taiwan,Q865,Taiwan,Chinese Taipei
558,Q84081307,2019â€“20 coronavirus outbreak in Taiwan,Q865,Taiwan,ROC
559,Q84081307,2019â€“20 coronavirus outbreak in Taiwan,Q865,Taiwan,Nationalist China
560,Q84081307,2019â€“20 coronavirus outbreak in Taiwan,Q865,Taiwan,Formosa
561,Q84081307,2019â€“20 coronavirus outbreak in Taiwan,Q865,Taiwan,Free China
562,Q84081307,2019â€“20 coronavirus outbreak in Taiwan,Q865,Taiwan,Republic of China
563,Q84081307,2019â€“20 coronavirus outbreak in Taiwan,Q865,Taiwan,Free area of the Republic of China
564,Q84081307,2019â€“20 coronavirus outbreak in Taiwan,Q865,Taiwan,Chunghwa Minkuo
565,Q84081307,2019â€“20 coronavirus outbreak in Taiwan,Q865,Taiwan,Chunghwa Minkwo
566,Q84081307,2019â€“20 coronavirus outbreak in Taiwan,Q865,Taiwan,Republic of China (Taiwan)
567,Q84081307,2019â€“20 coronavirus outbreak in Taiwan,Q865,Taiwan,ğŸ‡¹ğŸ‡¼
568,Q83873566,2019â€“20 coronavirus outbreak in Thailand,Q869,Thailand,Kingdom of Thailand
569,Q83873566,2019â€“20 coronavirus outbreak in Thailand,Q869,Thailand,Land of Smiles
570,Q83873566,2019â€“20 coronavirus outbreak in Thailand,Q869,Thailand,Siam
571,Q83873566,2019â€“20 coronavirus outbreak in Thailand,Q869,Thailand,th
572,Q83873566,2019â€“20 coronavirus outbreak in Thailand,Q869,Thailand,ğŸ‡¹ğŸ‡­
573,Q83873566,2019â€“20 coronavirus outbreak in Thailand,Q869,Thailand,THA
574,Q84030045,2019â€“20 coronavirus outbreak in the United Arab Emirates,Q878,United Arab Emirates,ae
575,Q84030045,2019â€“20 coronavirus outbreak in the United Arab Emirates,Q878,United Arab Emirates,ğŸ‡¦ğŸ‡ª
576,Q84030045,2019â€“20 coronavirus outbreak in the United Arab Emirates,Q878,United Arab Emirates,Emirates
577,Q84030045,2019â€“20 coronavirus outbreak in the United Arab Emirates,Q878,United Arab Emirates,the Emirates
578,Q84030045,2019â€“20 coronavirus outbreak in the United Arab Emirates,Q878,United Arab Emirates,the U.A.E.
579,Q84030045,2019â€“20 coronavirus outbreak in the United Arab Emirates,Q878,United Arab Emirates,the UAE
580,Q84030045,2019â€“20 coronavirus outbreak in the United Arab Emirates,Q878,United Arab Emirates,the United Arab Emirates
581,Q84030045,2019â€“20 coronavirus outbreak in the United Arab Emirates,Q878,United Arab Emirates,U.A.E.
582,Q84030045,2019â€“20 coronavirus outbreak in the United Arab Emirates,Q878,United Arab Emirates,UAE
583,Q84167106,2020 coronavirus pandemic in the United Kingdom,Q145,United Kingdom,GBR
584,Q84167106,2020 coronavirus pandemic in the United Kingdom,Q145,United Kingdom,UK
585,Q84167106,2020 coronavirus pandemic in the United Kingdom,Q145,United Kingdom,ğŸ‡¬ğŸ‡§
586,Q84167106,2020 coronavirus pandemic in the United Kingdom,Q145,United Kingdom,U.K.
587,Q84167106,2020 coronavirus pandemic in the United Kingdom,Q145,United Kingdom,United Kingdom of Great Britain and Northern Ireland
588,Q88082409,2020 coronavirus pandemic in Akrotiri and Dhekelia,Q145,United Kingdom,GBR
589,Q88082409,2020 coronavirus pandemic in Akrotiri and Dhekelia,Q145,United Kingdom,UK
590,Q88082409,2020 coronavirus pandemic in Akrotiri and Dhekelia,Q145,United Kingdom,ğŸ‡¬ğŸ‡§
591,Q88082409,2020 coronavirus pandemic in Akrotiri and Dhekelia,Q145,United Kingdom,U.K.
592,Q88082409,2020 coronavirus pandemic in Akrotiri and Dhekelia,Q145,United Kingdom,United Kingdom of Great Britain and Northern Ireland
593,Q83873593,2020 coronavirus pandemic in France,Q142,France,La France
594,Q83873593,2020 coronavirus pandemic in France,Q142,France,FRA
595,Q83873593,2020 coronavirus pandemic in France,Q142,France,FR
596,Q83873593,2020 coronavirus pandemic in France,Q142,France,French Republic
597,Q83873593,2020 coronavirus pandemic in France,Q142,France,fr
598,Q84146057,2019â€“20 coronavirus outbreak in Hong Kong,Q148,People's Republic of China,China
599,Q84146057,2019â€“20 coronavirus outbreak in Hong Kong,Q148,People's Republic of China,CHN
600,Q84146057,2019â€“20 coronavirus outbreak in Hong Kong,Q148,People's Republic of China,cn
601,Q84146057,2019â€“20 coronavirus outbreak in Hong Kong,Q148,People's Republic of China,CN
602,Q84146057,2019â€“20 coronavirus outbreak in Hong Kong,Q148,People's Republic of China,ğŸ‡¨ğŸ‡³
603,Q84146057,2019â€“20 coronavirus outbreak in Hong Kong,Q148,People's Republic of China,Communist China
604,Q84146057,2019â€“20 coronavirus outbreak in Hong Kong,Q148,People's Republic of China,PR China
605,Q84146057,2019â€“20 coronavirus outbreak in Hong Kong,Q148,People's Republic of China,PRC
606,Q83872271,2019â€“20 coronavirus pandemic in mainland China,Q148,People's Republic of China,China
607,Q83872271,2019â€“20 coronavirus pandemic in mainland China,Q148,People's Republic of China,CHN
608,Q83872271,2019â€“20 coronavirus pandemic in mainland China,Q148,People's Republic of China,cn
609,Q83872271,2019â€“20 coronavirus pandemic in mainland China,Q148,People's Republic of China,CN
610,Q83872271,2019â€“20 coronavirus pandemic in mainland China,Q148,People's Republic of China,ğŸ‡¨ğŸ‡³
611,Q83872271,2019â€“20 coronavirus pandemic in mainland China,Q148,People's Republic of China,Communist China
612,Q83872271,2019â€“20 coronavirus pandemic in mainland China,Q148,People's Republic of China,PR China
613,Q83872271,2019â€“20 coronavirus pandemic in mainland China,Q148,People's Republic of China,PRC
614,Q83873057,2019â€“20 coronavirus outbreak in Vietnam,Q881,Vietnam,VN
615,Q83873057,2019â€“20 coronavirus outbreak in Vietnam,Q881,Vietnam,Socialist Republic of Vietnam
616,Q83873057,2019â€“20 coronavirus outbreak in Vietnam,Q881,Vietnam,VIE
617,Q83873057,2019â€“20 coronavirus outbreak in Vietnam,Q881,Vietnam,Viet Nam
618,Q83873057,2019â€“20 coronavirus outbreak in Vietnam,Q881,Vietnam,ğŸ‡»ğŸ‡³
619,Q83872398,2019â€“20 COVID-19 outbreak in South Korea,Q884,South Korea,Republic of Korea
620,Q83872398,2019â€“20 COVID-19 outbreak in South Korea,Q884,South Korea,KOR
621,Q83872398,2019â€“20 COVID-19 outbreak in South Korea,Q884,South Korea,ROK
622,Q83872398,2019â€“20 COVID-19 outbreak in South Korea,Q884,South Korea,kr
623,Q83872398,2019â€“20 COVID-19 outbreak in South Korea,Q884,South Korea,Daehan Minguk
624,Q83872398,2019â€“20 COVID-19 outbreak in South Korea,Q884,South Korea,Korea Republic
625,Q83872398,2019â€“20 COVID-19 outbreak in South Korea,Q884,South Korea,ğŸ‡°ğŸ‡·
626,Q83872398,2019â€“20 COVID-19 outbreak in South Korea,Q884,South Korea,Rep. Korea
627,Q83872398,2019â€“20 COVID-19 outbreak in South Korea,Q884,South Korea,Republic of Great Han
628,Q83872398,2019â€“20 COVID-19 outbreak in South Korea,Q884,South Korea,Republic of South Korea
629,Q83872398,2019â€“20 COVID-19 outbreak in South Korea,Q884,South Korea,S. Korea
630,Q83872398,2019â€“20 COVID-19 outbreak in South Korea,Q884,South Korea,The Republic of Great Han
631,Q87768605,2020 coronavirus pandemic in Afghanistan,Q889,Afghanistan,AFG
632,Q87768605,2020 coronavirus pandemic in Afghanistan,Q889,Afghanistan,af
633,Q87768605,2020 coronavirus pandemic in Afghanistan,Q889,Afghanistan,ğŸ‡¦ğŸ‡«
634,Q87768605,2020 coronavirus pandemic in Afghanistan,Q889,Afghanistan,Islamic Republic of Afghanistan
635,Q87540454,2020 coronavirus pandemic in Bangladesh,Q902,Bangladesh,BAN
636,Q87540454,2020 coronavirus pandemic in Bangladesh,Q902,Bangladesh,bd
637,Q87540454,2020 coronavirus pandemic in Bangladesh,Q902,Bangladesh,ğŸ‡§ğŸ‡©
638,Q86597695,2020 COVID-19 outbreak in Brazil,Q155,Brazil,br
639,Q86597695,2020 COVID-19 outbreak in Brazil,Q155,Brazil,BR
640,Q86597695,2020 COVID-19 outbreak in Brazil,Q155,Brazil,ğŸ‡§ğŸ‡·
641,Q86597695,2020 COVID-19 outbreak in Brazil,Q155,Brazil,BRA
642,Q86597695,2020 COVID-19 outbreak in Brazil,Q155,Brazil,Brasil
643,Q86597695,2020 COVID-19 outbreak in Brazil,Q155,Brazil,Estados Unidos del Brazil
644,Q86597695,2020 COVID-19 outbreak in Brazil,Q155,Brazil,Federativa Republica do Brasil
645,Q86597695,2020 COVID-19 outbreak in Brazil,Q155,Brazil,Federativa RepÃºblica do Brasil
646,Q86597695,2020 COVID-19 outbreak in Brazil,Q155,Brazil,Federative Republic of Brazil
647,Q86597695,2020 COVID-19 outbreak in Brazil,Q155,Brazil,Republic Federative of Brasil
648,Q86597695,2020 COVID-19 outbreak in Brazil,Q155,Brazil,Republica Federativa do Brasil
649,Q86597695,2020 COVID-19 outbreak in Brazil,Q155,Brazil,RepÃºblica Federativa do Brasil
650,Q88556836,2020 coronavirus pandemic in Mali,Q912,Mali,ml
651,Q88556836,2020 coronavirus pandemic in Mali,Q912,Mali,ğŸ‡²ğŸ‡±
652,Q88556836,2020 coronavirus pandemic in Mali,Q912,Mali,MLI
653,Q88556836,2020 coronavirus pandemic in Mali,Q912,Mali,Republic of Mali
654,Q88556836,2020 coronavirus pandemic in Mali,Q912,Mali,Republique du Mali
655,Q88556836,2020 coronavirus pandemic in Mali,Q912,Mali,RÃ©publique du Mali
656,Q88082534,2020 coronavirus pandemic in Angola,Q916,Angola,ANG
657,Q88082534,2020 coronavirus pandemic in Angola,Q916,Angola,ao
658,Q88082534,2020 coronavirus pandemic in Angola,Q916,Angola,ğŸ‡¦ğŸ‡´
659,Q88082534,2020 coronavirus pandemic in Angola,Q916,Angola,Ngola
660,Q88082534,2020 coronavirus pandemic in Angola,Q916,Angola,Republic of Angola
661,Q87715166,2020 coronavirus pandemic in Bhutan,Q917,Bhutan,bt
662,Q87715166,2020 coronavirus pandemic in Bhutan,Q917,Bhutan,BHU
663,Q87715166,2020 coronavirus pandemic in Bhutan,Q917,Bhutan,ğŸ‡§ğŸ‡¹
664,Q87715166,2020 coronavirus pandemic in Bhutan,Q917,Bhutan,Kingdom of Bhutan
665,Q83889294,2020 coronavirus pandemic in Germany,Q183,Germany,BRD
666,Q83889294,2020 coronavirus pandemic in Germany,Q183,Germany,Bundesrepublik Deutschland
667,Q83889294,2020 coronavirus pandemic in Germany,Q183,Germany,de
668,Q83889294,2020 coronavirus pandemic in Germany,Q183,Germany,Deutschland
669,Q83889294,2020 coronavirus pandemic in Germany,Q183,Germany,Federal Republic of Germany
670,Q83889294,2020 coronavirus pandemic in Germany,Q183,Germany,FRG
671,Q83889294,2020 coronavirus pandemic in Germany,Q183,Germany,GER
672,Q84098939,2020 coronavirus pandemic in Russia,Q159,Russia,Rus
673,Q84098939,2020 coronavirus pandemic in Russia,Q159,Russia,RU
674,Q84098939,2020 coronavirus pandemic in Russia,Q159,Russia,Russian Federation
675,Q84098939,2020 coronavirus pandemic in Russia,Q159,Russia,RUS
676,Q84098939,2020 coronavirus pandemic in Russia,Q159,Russia,ru
677,Q84098939,2020 coronavirus pandemic in Russia,Q159,Russia,Rossiya
678,Q84098939,2020 coronavirus pandemic in Russia,Q159,Russia,Rossija
679,Q84098939,2020 coronavirus pandemic in Russia,Q159,Russia,Rossijskaja Federatsija
680,Q84098939,2020 coronavirus pandemic in Russia,Q159,Russia,Rossiyskaya Federatsiya
681,Q87412028,2020 coronavirus outbreak in Brunei,Q921,Brunei,BRN
682,Q87412028,2020 coronavirus outbreak in Brunei,Q921,Brunei,bn
683,Q87412028,2020 coronavirus outbreak in Brunei,Q921,Brunei,ğŸ‡§ğŸ‡³
684,Q87412028,2020 coronavirus outbreak in Brunei,Q921,Brunei,BRU
685,Q87412028,2020 coronavirus outbreak in Brunei,Q921,Brunei,Brunei Darussalam
686,Q87412028,2020 coronavirus outbreak in Brunei,Q921,Brunei,"Nation of Brunei, the Abode of Peace"
687,Q87770827,2020 coronavirus pandemic in Tanzania,Q924,Tanzania,tz
688,Q87770827,2020 coronavirus pandemic in Tanzania,Q924,Tanzania,ğŸ‡¹ğŸ‡¿
689,Q87770827,2020 coronavirus pandemic in Tanzania,Q924,Tanzania,United Republic of Tanganyika and Zanzibar
690,Q87770827,2020 coronavirus pandemic in Tanzania,Q924,Tanzania,United Republic of Tanzania
691,Q84055544,2019â€“20 coronavirus outbreak in the Philippines,Q928,Philippines,PH
692,Q84055544,2019â€“20 coronavirus outbreak in the Philippines,Q928,Philippines,RP
693,Q84055544,2019â€“20 coronavirus outbreak in the Philippines,Q928,Philippines,PHL
694,Q84055544,2019â€“20 coronavirus outbreak in the Philippines,Q928,Philippines,PHI
695,Q84055544,2019â€“20 coronavirus outbreak in the Philippines,Q928,Philippines,ph
696,Q84055544,2019â€“20 coronavirus outbreak in the Philippines,Q928,Philippines,Philippine Islands
697,Q84055544,2019â€“20 coronavirus outbreak in the Philippines,Q928,Philippines,ğŸ‡µğŸ‡­
698,Q84055544,2019â€“20 coronavirus outbreak in the Philippines,Q928,Philippines,Republic of the Philippines
699,Q84055544,2019â€“20 coronavirus outbreak in the Philippines,Q928,Philippines,the Philippines
700,Q87742085,2020 coronavirus pandemic in the Central African Republic,Q929,Central African Republic,CAF
701,Q87742085,2020 coronavirus pandemic in the Central African Republic,Q929,Central African Republic,CAR
702,Q87742085,2020 coronavirus pandemic in the Central African Republic,Q929,Central African Republic,Centrafrique
703,Q87742085,2020 coronavirus pandemic in the Central African Republic,Q929,Central African Republic,cf
704,Q87742085,2020 coronavirus pandemic in the Central African Republic,Q929,Central African Republic,ğŸ‡¨ğŸ‡«
705,Q87742085,2020 coronavirus pandemic in the Central African Republic,Q929,Central African Republic,KÃ¶dÃ¶rÃ¶sÃªse tÃ® BÃªafrÃ®ka
706,Q87742085,2020 coronavirus pandemic in the Central African Republic,Q929,Central African Republic,Republique centrafricaine
707,Q87742085,2020 coronavirus pandemic in the Central African Republic,Q929,Central African Republic,RÃ©publique centrafricaine
708,Q87662819,2020 coronavirus pandemic in Togo,Q945,Togo,TOG
709,Q87662819,2020 coronavirus pandemic in Togo,Q945,Togo,Republique Togolaise
710,Q87662819,2020 coronavirus pandemic in Togo,Q945,Togo,RÃ©publique Togolaise
711,Q87662819,2020 coronavirus pandemic in Togo,Q945,Togo,tg
712,Q87662819,2020 coronavirus pandemic in Togo,Q945,Togo,ğŸ‡¹ğŸ‡¬
713,Q87662819,2020 coronavirus pandemic in Togo,Q945,Togo,Togolese Republic
714,Q87343682,2020 coronavirus outbreak in Tunisia,Q948,Tunisia,al-JumhÅ«riyyah at-TÅ«nisiyyah
715,Q87343682,2020 coronavirus outbreak in Tunisia,Q948,Tunisia,Republic of Tunisia
716,Q87343682,2020 coronavirus outbreak in Tunisia,Q948,Tunisia,tn
717,Q87343682,2020 coronavirus outbreak in Tunisia,Q948,Tunisia,ğŸ‡¹ğŸ‡³
718,Q87343682,2020 coronavirus outbreak in Tunisia,Q948,Tunisia,TUN
719,Q87343682,2020 coronavirus outbreak in Tunisia,Q948,Tunisia,TÅ«nis
720,Q87343682,2020 coronavirus outbreak in Tunisia,Q948,Tunisia,Tunisian Republic
721,Q88164033,2020 coronavirus pandemic in Zimbabwe,Q954,Zimbabwe,Rhodesia
722,Q88164033,2020 coronavirus pandemic in Zimbabwe,Q954,Zimbabwe,ZIM
723,Q88164033,2020 coronavirus pandemic in Zimbabwe,Q954,Zimbabwe,Southern Rhodesia
724,Q88164033,2020 coronavirus pandemic in Zimbabwe,Q954,Zimbabwe,Republic of Zimbabwe
725,Q88164033,2020 coronavirus pandemic in Zimbabwe,Q954,Zimbabwe,Zimbabwe Rhodesia
726,Q88164033,2020 coronavirus pandemic in Zimbabwe,Q954,Zimbabwe,zw
727,Q88164033,2020 coronavirus pandemic in Zimbabwe,Q954,Zimbabwe,ğŸ‡¿ğŸ‡¼
728,Q87976629,2020 coronavirus pandemic in Zambia,Q953,Zambia,ZAM
729,Q87976629,2020 coronavirus pandemic in Zambia,Q953,Zambia,Republic of Zambia
730,Q87976629,2020 coronavirus pandemic in Zambia,Q953,Zambia,zm
731,Q87976629,2020 coronavirus pandemic in Zambia,Q953,Zambia,ğŸ‡¿ğŸ‡²
732,Q87250788,2020 coronavirus outbreak in Belarus,Q184,Belarus,by
733,Q87250788,2020 coronavirus outbreak in Belarus,Q184,Belarus,White Russia
734,Q87250788,2020 coronavirus outbreak in Belarus,Q184,Belarus,BLR
735,Q87250788,2020 coronavirus outbreak in Belarus,Q184,Belarus,White Ruthenia
736,Q87250788,2020 coronavirus outbreak in Belarus,Q184,Belarus,Byelorussia
737,Q87250788,2020 coronavirus outbreak in Belarus,Q184,Belarus,Belorussia
738,Q87250788,2020 coronavirus outbreak in Belarus,Q184,Belarus,Bielorussia
739,Q87250788,2020 coronavirus outbreak in Belarus,Q184,Belarus,ğŸ‡§ğŸ‡¾
740,Q87250788,2020 coronavirus outbreak in Belarus,Q184,Belarus,Byeloruss
741,Q87250788,2020 coronavirus outbreak in Belarus,Q184,Belarus,Republic of Belarus
742,Q87121993,2020 coronavirus outbreak in Iceland,Q189,Iceland,ISL
743,Q87121993,2020 coronavirus outbreak in Iceland,Q189,Iceland,Island
744,Q87121993,2020 coronavirus outbreak in Iceland,Q189,Iceland,is
745,Q87121993,2020 coronavirus outbreak in Iceland,Q189,Iceland,ğŸ‡®ğŸ‡¸
746,Q87121993,2020 coronavirus outbreak in Iceland,Q189,Iceland,Republic of Iceland
747,Q87204911,2020 coronavirus outbreak in Estonia,Q191,Estonia,EST
748,Q87204911,2020 coronavirus outbreak in Estonia,Q191,Estonia,Eesti
749,Q87204911,2020 coronavirus outbreak in Estonia,Q191,Estonia,ee
750,Q87204911,2020 coronavirus outbreak in Estonia,Q191,Estonia,Estland
751,Q87204911,2020 coronavirus outbreak in Estonia,Q191,Estonia,ğŸ‡ªğŸ‡ª
752,Q87204911,2020 coronavirus outbreak in Estonia,Q191,Estonia,Republic of Estonia
753,Q87066621,2020 coronavirus outbreak in Latvia,Q211,Latvia,LAT
754,Q87066621,2020 coronavirus outbreak in Latvia,Q211,Latvia,Latvija
755,Q87066621,2020 coronavirus outbreak in Latvia,Q211,Latvia,LVA
756,Q87066621,2020 coronavirus outbreak in Latvia,Q211,Latvia,lv
757,Q87066621,2020 coronavirus outbreak in Latvia,Q211,Latvia,Latvian Republic
758,Q87066621,2020 coronavirus outbreak in Latvia,Q211,Latvia,ğŸ‡±ğŸ‡»
759,Q87066621,2020 coronavirus outbreak in Latvia,Q211,Latvia,Republic of Latvia
760,Q87781572,2020 coronavirus pandemic in Benin,Q962,Benin,BEN
761,Q87781572,2020 coronavirus pandemic in Benin,Q962,Benin,Republic of Benin
762,Q87781572,2020 coronavirus pandemic in Benin,Q962,Benin,Dahomey
763,Q87781572,2020 coronavirus pandemic in Benin,Q962,Benin,bj
764,Q87781572,2020 coronavirus pandemic in Benin,Q962,Benin,ğŸ‡§ğŸ‡¯
765,Q87235177,2020 coronavirus outbreak in Ukraine,Q212,Ukraine,UKR
766,Q87235177,2020 coronavirus outbreak in Ukraine,Q212,Ukraine,UA
767,Q87235177,2020 coronavirus outbreak in Ukraine,Q212,Ukraine,ua
768,Q87235177,2020 coronavirus outbreak in Ukraine,Q212,Ukraine,ğŸ‡ºğŸ‡¦
769,Q87235177,2020 coronavirus outbreak in Ukraine,Q212,Ukraine,Ukrainia
770,Q86919406,2020 coronavirus outbreak in the Czech Republic,Q213,Czech Republic,ÄŒeskÃ¡ republika
771,Q86919406,2020 coronavirus outbreak in the Czech Republic,Q213,Czech Republic,ÄŒesko
772,Q86919406,2020 coronavirus outbreak in the Czech Republic,Q213,Czech Republic,ÄŒR
773,Q86919406,2020 coronavirus outbreak in the Czech Republic,Q213,Czech Republic,cz
774,Q86919406,2020 coronavirus outbreak in the Czech Republic,Q213,Czech Republic,ğŸ‡¨ğŸ‡¿
775,Q86919406,2020 coronavirus outbreak in the Czech Republic,Q213,Czech Republic,cze
776,Q86919406,2020 coronavirus outbreak in the Czech Republic,Q213,Czech Republic,CZE
777,Q86919406,2020 coronavirus outbreak in the Czech Republic,Q213,Czech Republic,Czechia
778,Q86919406,2020 coronavirus outbreak in the Czech Republic,Q213,Czech Republic,CZR
779,Q87200954,2020 coronavirus outbreak in Slovakia,Q214,Slovakia,SVK
780,Q87200954,2020 coronavirus outbreak in Slovakia,Q214,Slovakia,sk
781,Q87200954,2020 coronavirus outbreak in Slovakia,Q214,Slovakia,ğŸ‡¸ğŸ‡°
782,Q87200954,2020 coronavirus outbreak in Slovakia,Q214,Slovakia,Slovak Republic
783,Q87706558,2020 coronavirus pandemic in the Democratic Republic of the Congo,Q974,Democratic Republic of the Congo,COD
784,Q87706558,2020 coronavirus pandemic in the Democratic Republic of the Congo,Q974,Democratic Republic of the Congo,DRC
785,Q87706558,2020 coronavirus pandemic in the Democratic Republic of the Congo,Q974,Democratic Republic of the Congo,Zaire
786,Q87706558,2020 coronavirus pandemic in the Democratic Republic of the Congo,Q974,Democratic Republic of the Congo,ğŸ‡¨ğŸ‡©
787,Q87706558,2020 coronavirus pandemic in the Democratic Republic of the Congo,Q974,Democratic Republic of the Congo,Congo (Kinshasa)
788,Q87706558,2020 coronavirus pandemic in the Democratic Republic of the Congo,Q974,Democratic Republic of the Congo,Congo-Kinshasa
789,Q87706558,2020 coronavirus pandemic in the Democratic Republic of the Congo,Q974,Democratic Republic of the Congo,Dem. Rep. Congo
790,Q87706558,2020 coronavirus pandemic in the Democratic Republic of the Congo,Q974,Democratic Republic of the Congo,Dem. Republic of Congo
791,Q87706558,2020 coronavirus pandemic in the Democratic Republic of the Congo,Q974,Democratic Republic of the Congo,Dem. Republic of the Congo
792,Q87706558,2020 coronavirus pandemic in the Democratic Republic of the Congo,Q974,Democratic Republic of the Congo,Democratic Republic of Congo
793,Q87706558,2020 coronavirus pandemic in the Democratic Republic of the Congo,Q974,Democratic Republic of the Congo,DR Congo
794,Q87899022,2020 coronavirus pandemic in Djibouti,Q977,Djibouti,DJI
795,Q87899022,2020 coronavirus pandemic in Djibouti,Q977,Djibouti,Gabuuti
796,Q87899022,2020 coronavirus pandemic in Djibouti,Q977,Djibouti,Jabuuti
797,Q87899022,2020 coronavirus pandemic in Djibouti,Q977,Djibouti,dj
798,Q87899022,2020 coronavirus pandemic in Djibouti,Q977,Djibouti,ğŸ‡©ğŸ‡¯
799,Q87899022,2020 coronavirus pandemic in Djibouti,Q977,Djibouti,JÄ«bÅ«tÄ«
800,Q87899022,2020 coronavirus pandemic in Djibouti,Q977,Djibouti,Republic of Djibouti
801,Q87665364,2020 coronavirus pandemic in Burkina Faso,Q965,Burkina Faso,bf
802,Q87665364,2020 coronavirus pandemic in Burkina Faso,Q965,Burkina Faso,ğŸ‡§ğŸ‡«
803,Q87742114,2020 coronavirus pandemic in the Republic of the Congo,Q971,Republic of the Congo,CGO
804,Q87742114,2020 coronavirus pandemic in the Republic of the Congo,Q971,Republic of the Congo,cg
805,Q87742114,2020 coronavirus pandemic in the Republic of the Congo,Q971,Republic of the Congo,ğŸ‡¨ğŸ‡¬
806,Q87742114,2020 coronavirus pandemic in the Republic of the Congo,Q971,Republic of the Congo,Congo (Brazzaville)
807,Q87742114,2020 coronavirus pandemic in the Republic of the Congo,Q971,Republic of the Congo,Congo Republic
808,Q87742114,2020 coronavirus pandemic in the Republic of the Congo,Q971,Republic of the Congo,Congo-Brazzaville
809,Q87742114,2020 coronavirus pandemic in the Republic of the Congo,Q971,Republic of the Congo,Rep. Congo
810,Q87742114,2020 coronavirus pandemic in the Republic of the Congo,Q971,Republic of the Congo,Republic of Congo
811,Q87742114,2020 coronavirus pandemic in the Republic of the Congo,Q971,Republic of the Congo,Republique du Congo
812,Q87742114,2020 coronavirus pandemic in the Republic of the Congo,Q971,Republic of the Congo,RÃ©publique du Congo
813,Q87706558,2020 coronavirus pandemic in the Democratic Republic of the Congo,Q974,Democratic Republic of the Congo,Congo
814,Q87706558,2020 coronavirus pandemic in the Democratic Republic of the Congo,Q974,Democratic Republic of the Congo,cd
815,Q87250948,2020 coronavirus pandemic in Slovenia,Q215,Slovenia,SLO
816,Q87250948,2020 coronavirus pandemic in Slovenia,Q215,Slovenia,slo
817,Q87250948,2020 coronavirus pandemic in Slovenia,Q215,Slovenia,si
818,Q87250948,2020 coronavirus pandemic in Slovenia,Q215,Slovenia,svn
819,Q87250948,2020 coronavirus pandemic in Slovenia,Q215,Slovenia,Republic of Slovenia
820,Q87250948,2020 coronavirus pandemic in Slovenia,Q215,Slovenia,Republika Slovenija
821,Q87250948,2020 coronavirus pandemic in Slovenia,Q215,Slovenia,ğŸ‡¸ğŸ‡®
822,Q87250948,2020 coronavirus pandemic in Slovenia,Q215,Slovenia,Slovenija
823,Q87592982,2020 coronavirus pandemic in Moldova,Q217,Moldova,md
824,Q87592982,2020 coronavirus pandemic in Moldova,Q217,Moldova,MDA
825,Q87592982,2020 coronavirus pandemic in Moldova,Q217,Moldova,Moldavia
826,Q87742064,2020 coronavirus pandemic in Equatorial Guinea,Q983,Equatorial Guinea,GEQ
827,Q87742064,2020 coronavirus pandemic in Equatorial Guinea,Q983,Equatorial Guinea,gq
828,Q87742064,2020 coronavirus pandemic in Equatorial Guinea,Q983,Equatorial Guinea,ğŸ‡¬ğŸ‡¶
829,Q87742064,2020 coronavirus pandemic in Equatorial Guinea,Q983,Equatorial Guinea,Republic of Equatorial Guinea
830,Q88371105,2020 coronavirus pandemic in Eritrea,Q986,Eritrea,IRI
831,Q88371105,2020 coronavirus pandemic in Eritrea,Q986,Eritrea,ERI
832,Q88371105,2020 coronavirus pandemic in Eritrea,Q986,Eritrea,ğŸ‡ªğŸ‡·
833,Q88371105,2020 coronavirus pandemic in Eritrea,Q986,Eritrea,er
834,Q88371105,2020 coronavirus pandemic in Eritrea,Q986,Eritrea,ErtrÄ
835,Q88371105,2020 coronavirus pandemic in Eritrea,Q986,Eritrea,IritriyÄ
836,Q88371105,2020 coronavirus pandemic in Eritrea,Q986,Eritrea,State of Eritrea
837,Q87666042,2020 coronavirus pandemic in Gabon,Q1000,Gabon,ga
838,Q87666042,2020 coronavirus pandemic in Gabon,Q1000,Gabon,GAB
839,Q87666042,2020 coronavirus pandemic in Gabon,Q1000,Gabon,ğŸ‡¬ğŸ‡¦
840,Q87666042,2020 coronavirus pandemic in Gabon,Q1000,Gabon,Gabonese Republic
841,Q87666042,2020 coronavirus pandemic in Gabon,Q1000,Gabon,Republique Gabonaise
842,Q87666042,2020 coronavirus pandemic in Gabon,Q1000,Gabon,RÃ©publique Gabonaise
843,Q87651970,2020 coronavirus pandemic in Guinea,Q1006,Guinea,gn
844,Q87651970,2020 coronavirus pandemic in Guinea,Q1006,Guinea,ğŸ‡¬ğŸ‡³
845,Q87651970,2020 coronavirus pandemic in Guinea,Q1006,Guinea,GUI
846,Q87651970,2020 coronavirus pandemic in Guinea,Q1006,Guinea,Guinea-Conakry
847,Q87651970,2020 coronavirus pandemic in Guinea,Q1006,Guinea,Republic of Guinea
848,Q87651970,2020 coronavirus pandemic in Guinea,Q1006,Guinea,Republique de Guinee
849,Q87651970,2020 coronavirus pandemic in Guinea,Q1006,Guinea,RÃ©publique de GuinÃ©e
850,Q87651970,2020 coronavirus pandemic in Guinea,Q1006,Guinea,ßŠßß™ßŒßßŒß¬ ß•ß‹ß¬ßŸß‹ß“ß‹ ß–ß¡ßŠß¬ß£ßŠ ß˜ß
851,Q87651970,2020 coronavirus pandemic in Guinea,Q1006,Guinea,ß–ßŒß¬ß£ßß¬ ßßŠß²ß“ßß²
852,Q87899016,2020 coronavirus pandemic in the Gambia,Q1005,Gambia,gm
853,Q87899016,2020 coronavirus pandemic in the Gambia,Q1005,Gambia,GAM
854,Q87899016,2020 coronavirus pandemic in the Gambia,Q1005,Gambia,ğŸ‡¬ğŸ‡²
855,Q87899016,2020 coronavirus pandemic in the Gambia,Q1005,Gambia,Islamic Republic of the Gambia
856,Q87899016,2020 coronavirus pandemic in the Gambia,Q1005,Gambia,Republic of The Gambia
857,Q87899016,2020 coronavirus pandemic in the Gambia,Q1005,Gambia,The Gambia
858,Q87250752,2020 coronavirus pandemic in Romania,Q218,Romania,ro
859,Q87250752,2020 coronavirus pandemic in Romania,Q218,Romania,Rumania
860,Q87250752,2020 coronavirus pandemic in Romania,Q218,Romania,ğŸ‡·ğŸ‡´
861,Q87250752,2020 coronavirus pandemic in Romania,Q218,Romania,RomÃ¢nia
862,Q87250752,2020 coronavirus pandemic in Romania,Q218,Romania,Roumania
863,Q87486535,2020 coronavirus pandemic in Bulgaria,Q219,Bulgaria,bg
864,Q87486535,2020 coronavirus pandemic in Bulgaria,Q219,Bulgaria,BUL
865,Q87486535,2020 coronavirus pandemic in Bulgaria,Q219,Bulgaria,BGR
866,Q87592982,2020 coronavirus pandemic in Moldova,Q217,Moldova,ğŸ‡²ğŸ‡©
867,Q87592982,2020 coronavirus pandemic in Moldova,Q217,Moldova,Republic of Moldova
868,Q87592982,2020 coronavirus pandemic in Moldova,Q217,Moldova,Republica Moldova
869,Q87486535,2020 coronavirus pandemic in Bulgaria,Q219,Bulgaria,ğŸ‡§ğŸ‡¬
870,Q87486535,2020 coronavirus pandemic in Bulgaria,Q219,Bulgaria,Republic of Bulgaria
871,Q88082639,2020 coronavirus pandemic in Cape Verde,Q1011,Cape Verde,cv
872,Q88082639,2020 coronavirus pandemic in Cape Verde,Q1011,Cape Verde,CV
873,Q88082639,2020 coronavirus pandemic in Cape Verde,Q1011,Cape Verde,Cabo Verde
874,Q87704267,2020 coronavirus pandemic in Ivory Coast,Q1008,Ivory Coast,CIV
875,Q87704267,2020 coronavirus pandemic in Ivory Coast,Q1008,Ivory Coast,ci
876,Q87704267,2020 coronavirus pandemic in Ivory Coast,Q1008,Ivory Coast,ğŸ‡¨ğŸ‡®
877,Q87704267,2020 coronavirus pandemic in Ivory Coast,Q1008,Ivory Coast,Cote d ivoire
878,Q87704267,2020 coronavirus pandemic in Ivory Coast,Q1008,Ivory Coast,Cote d' Ivoire
879,Q87704267,2020 coronavirus pandemic in Ivory Coast,Q1008,Ivory Coast,Cote D' Ivoire
880,Q87704267,2020 coronavirus pandemic in Ivory Coast,Q1008,Ivory Coast,Cote d'ivoire
881,Q87704267,2020 coronavirus pandemic in Ivory Coast,Q1008,Ivory Coast,Cote d'Ivoire
882,Q87704267,2020 coronavirus pandemic in Ivory Coast,Q1008,Ivory Coast,Cote D'Ivoire
883,Q87704267,2020 coronavirus pandemic in Ivory Coast,Q1008,Ivory Coast,CÃ´te d'ivoire
884,Q87704267,2020 coronavirus pandemic in Ivory Coast,Q1008,Ivory Coast,CÃ´te d'Ivoire
885,Q87704267,2020 coronavirus pandemic in Ivory Coast,Q1008,Ivory Coast,CÃ´te D'ivoire
886,Q87704267,2020 coronavirus pandemic in Ivory Coast,Q1008,Ivory Coast,CÃ´te D'Ivoire
887,Q87704267,2020 coronavirus pandemic in Ivory Coast,Q1008,Ivory Coast,Cote d'ivore
888,Q87704267,2020 coronavirus pandemic in Ivory Coast,Q1008,Ivory Coast,CÃ´te d'Ivorie
889,Q87704267,2020 coronavirus pandemic in Ivory Coast,Q1008,Ivory Coast,Cote d'lvoire
890,Q87704267,2020 coronavirus pandemic in Ivory Coast,Q1008,Ivory Coast,Cote dâ€™Ivoire
891,Q87704267,2020 coronavirus pandemic in Ivory Coast,Q1008,Ivory Coast,CÃ´te dâ€™Ivoire
892,Q87704267,2020 coronavirus pandemic in Ivory Coast,Q1008,Ivory Coast,Cote dÂ´Ivoire
893,Q87704267,2020 coronavirus pandemic in Ivory Coast,Q1008,Ivory Coast,CÃ´te dÂ´Ivoire
894,Q87704267,2020 coronavirus pandemic in Ivory Coast,Q1008,Ivory Coast,Cote divoire
895,Q87704267,2020 coronavirus pandemic in Ivory Coast,Q1008,Ivory Coast,Cote dIvoire
896,Q87704267,2020 coronavirus pandemic in Ivory Coast,Q1008,Ivory Coast,Cote Divoire
897,Q87704267,2020 coronavirus pandemic in Ivory Coast,Q1008,Ivory Coast,CÃ´te Divoire
898,Q87704267,2020 coronavirus pandemic in Ivory Coast,Q1008,Ivory Coast,Cote Ivoire
899,Q87704267,2020 coronavirus pandemic in Ivory Coast,Q1008,Ivory Coast,Cote-d'Ivoire
900,Q87704267,2020 coronavirus pandemic in Ivory Coast,Q1008,Ivory Coast,CÃ´te-d'Ivoire
901,Q87704267,2020 coronavirus pandemic in Ivory Coast,Q1008,Ivory Coast,Ivory coast
902,Q87704267,2020 coronavirus pandemic in Ivory Coast,Q1008,Ivory Coast,Republic of Cote d'Ivoire
903,Q87704267,2020 coronavirus pandemic in Ivory Coast,Q1008,Ivory Coast,Republic of CÃ´te d'Ivoire
904,Q87704267,2020 coronavirus pandemic in Ivory Coast,Q1008,Ivory Coast,Republic of Ivory Coast
905,Q87704267,2020 coronavirus pandemic in Ivory Coast,Q1008,Ivory Coast,Republic of the Ivory Coast
906,Q87704267,2020 coronavirus pandemic in Ivory Coast,Q1008,Ivory Coast,RÃ©publique de CÃ´te d'Ivoire
907,Q87704267,2020 coronavirus pandemic in Ivory Coast,Q1008,Ivory Coast,The Ivory Coast
908,Q87250897,2020 coronavirus outbreak in North Macedonia,Q221,North Macedonia,Macedonia
909,Q88082639,2020 coronavirus pandemic in Cape Verde,Q1011,Cape Verde,CPV
910,Q88082639,2020 coronavirus pandemic in Cape Verde,Q1011,Cape Verde,ğŸ‡¨ğŸ‡»
911,Q88082639,2020 coronavirus pandemic in Cape Verde,Q1011,Cape Verde,Republic of Cape Verde
912,Q87766242,2020 coronavirus pandemic in Liberia,Q1014,Liberia,LBR
913,Q87766242,2020 coronavirus pandemic in Liberia,Q1014,Liberia,lr
914,Q87766242,2020 coronavirus pandemic in Liberia,Q1014,Liberia,ğŸ‡±ğŸ‡·
915,Q87766242,2020 coronavirus pandemic in Liberia,Q1014,Liberia,Republic of Liberia
916,Q88225303,2020 coronavirus pandemic in Madagascar,Q1019,Madagascar,MAD
917,Q88225303,2020 coronavirus pandemic in Madagascar,Q1019,Madagascar,mg
918,Q88225303,2020 coronavirus pandemic in Madagascar,Q1019,Madagascar,ğŸ‡²ğŸ‡¬
919,Q88225303,2020 coronavirus pandemic in Madagascar,Q1019,Madagascar,Republic of Madagascar
920,Q87709900,2020 coronavirus pandemic in Mauritania,Q1025,Mauritania,MTN
921,Q87709900,2020 coronavirus pandemic in Mauritania,Q1025,Mauritania,mr
922,Q87250897,2020 coronavirus outbreak in North Macedonia,Q221,North Macedonia,mk
923,Q87250897,2020 coronavirus outbreak in North Macedonia,Q221,North Macedonia,Former Yugoslav Republic of Macedonia
924,Q87250897,2020 coronavirus outbreak in North Macedonia,Q221,North Macedonia,FYR Macedonia
925,Q87250897,2020 coronavirus outbreak in North Macedonia,Q221,North Macedonia,FYROM
926,Q87250897,2020 coronavirus outbreak in North Macedonia,Q221,North Macedonia,ğŸ‡²ğŸ‡°
927,Q87250897,2020 coronavirus outbreak in North Macedonia,Q221,North Macedonia,MKD
928,Q87250897,2020 coronavirus outbreak in North Macedonia,Q221,North Macedonia,Republic of Macedonia
929,Q87250897,2020 coronavirus outbreak in North Macedonia,Q221,North Macedonia,Republic of North Macedonia
930,Q87979033,2020 coronavirus pandemic in Mauritius,Q1027,Mauritius,mu
931,Q87979033,2020 coronavirus pandemic in Mauritius,Q1027,Mauritius,MRI
932,Q87979033,2020 coronavirus pandemic in Mauritius,Q1027,Mauritius,Maurice
933,Q87979033,2020 coronavirus pandemic in Mauritius,Q1027,Mauritius,Moris
934,Q87979033,2020 coronavirus pandemic in Mauritius,Q1027,Mauritius,ğŸ‡²ğŸ‡º
935,Q87979033,2020 coronavirus pandemic in Mauritius,Q1027,Mauritius,Republic of Mauritius
936,Q87709900,2020 coronavirus pandemic in Mauritania,Q1025,Mauritania,Agawej
937,Q87709900,2020 coronavirus pandemic in Mauritania,Q1025,Mauritania,Gannaar
938,Q87709900,2020 coronavirus pandemic in Mauritania,Q1025,Mauritania,GÃ nnaar
939,Q87709900,2020 coronavirus pandemic in Mauritania,Q1025,Mauritania,Islamic Republic of Mauritania
940,Q87709900,2020 coronavirus pandemic in Mauritania,Q1025,Mauritania,Moritani
941,Q87709900,2020 coronavirus pandemic in Mauritania,Q1025,Mauritania,ğŸ‡²ğŸ‡·
942,Q87709900,2020 coronavirus pandemic in Mauritania,Q1025,Mauritania,Muritanya
943,Q87709900,2020 coronavirus pandemic in Mauritania,Q1025,Mauritania,Murutaane
944,Q87058723,2020 coronavirus outbreak in Morocco,Q1028,Morocco,MAR
945,Q87058723,2020 coronavirus outbreak in Morocco,Q1028,Morocco,Marocco
946,Q87058723,2020 coronavirus outbreak in Morocco,Q1028,Morocco,ma
947,Q87058723,2020 coronavirus outbreak in Morocco,Q1028,Morocco,Maroc
948,Q87058723,2020 coronavirus outbreak in Morocco,Q1028,Morocco,al-MaÄ¡rib
949,Q87058723,2020 coronavirus outbreak in Morocco,Q1028,Morocco,Arab Maghreb
950,Q87058723,2020 coronavirus outbreak in Morocco,Q1028,Morocco,Kingdom of Morocco
951,Q87058723,2020 coronavirus outbreak in Morocco,Q1028,Morocco,LmaÄ¡rib
952,Q87058723,2020 coronavirus outbreak in Morocco,Q1028,Morocco,ğŸ‡²ğŸ‡¦
953,Q87729501,2020 coronavirus pandemic in Namibia,Q1030,Namibia,na
954,Q87729501,2020 coronavirus pandemic in Namibia,Q1030,Namibia,NAM
955,Q87729501,2020 coronavirus pandemic in Namibia,Q1030,Namibia,ğŸ‡³ğŸ‡¦
956,Q87729501,2020 coronavirus pandemic in Namibia,Q1030,Namibia,Republic of Namibia
957,Q88335426,2020 coronavirus pandemic in Mozambique,Q1029,Mozambique,MOZ
958,Q88335426,2020 coronavirus pandemic in Mozambique,Q1029,Mozambique,MZ
959,Q88335426,2020 coronavirus pandemic in Mozambique,Q1029,Mozambique,MoÃ§ambique
960,Q88335426,2020 coronavirus pandemic in Mozambique,Q1029,Mozambique,mz
961,Q88335426,2020 coronavirus pandemic in Mozambique,Q1029,Mozambique,ğŸ‡²ğŸ‡¿
962,Q88335426,2020 coronavirus pandemic in Mozambique,Q1029,Mozambique,Republic of Mozambique
963,Q88335426,2020 coronavirus pandemic in Mozambique,Q1029,Mozambique,RepÃºblica de MoÃ§ambique
964,Q88082809,2020 coronavirus pandemic in Niger,Q1032,Niger,ne
965,Q88082809,2020 coronavirus pandemic in Niger,Q1032,Niger,ğŸ‡³ğŸ‡ª
966,Q87199320,2020 coronavirus pandemic in the State of Palestine,Q219060,State of Palestine,Palestine
967,Q87199320,2020 coronavirus pandemic in the State of Palestine,Q219060,State of Palestine,PA
968,Q87199320,2020 coronavirus pandemic in the State of Palestine,Q219060,State of Palestine,Palestinian Authority
969,Q87199320,2020 coronavirus pandemic in the State of Palestine,Q219060,State of Palestine,Palestinian state
970,Q87199320,2020 coronavirus pandemic in the State of Palestine,Q219060,State of Palestine,ğŸ‡µğŸ‡¸
971,Q88082809,2020 coronavirus pandemic in Niger,Q1032,Niger,Republic Niger
972,Q88082809,2020 coronavirus pandemic in Niger,Q1032,Niger,Republic of Niger
973,Q88082809,2020 coronavirus pandemic in Niger,Q1032,Niger,Republic of The Niger
974,Q88082809,2020 coronavirus pandemic in Niger,Q1032,Niger,The Niger
975,Q87450756,2020 coronavirus outbreak in Albania,Q222,Albania,ALB
976,Q87450756,2020 coronavirus outbreak in Albania,Q222,Albania,al
977,Q87450756,2020 coronavirus outbreak in Albania,Q222,Albania,ğŸ‡¦ğŸ‡±
978,Q87450756,2020 coronavirus outbreak in Albania,Q222,Albania,Republic of Albania
979,Q87450756,2020 coronavirus outbreak in Albania,Q222,Albania,Republika e ShqipÃ«risÃ«
980,Q87450756,2020 coronavirus outbreak in Albania,Q222,Albania,ShqipÃ«risÃ«
981,Q87250732,2020 coronavirus outbreak in Croatia,Q224,Croatia,hr
982,Q87250732,2020 coronavirus outbreak in Croatia,Q224,Croatia,CRO
983,Q87250732,2020 coronavirus outbreak in Croatia,Q224,Croatia,HRV
984,Q87250732,2020 coronavirus outbreak in Croatia,Q224,Croatia,HR
985,Q87250732,2020 coronavirus outbreak in Croatia,Q224,Croatia,ğŸ‡­ğŸ‡·
986,Q87250732,2020 coronavirus outbreak in Croatia,Q224,Croatia,Republic of Croatia
987,Q87250770,2020 coronavirus outbreak in Bosnia and Herzegovina,Q225,Bosnia and Herzegovina,ba
988,Q87250770,2020 coronavirus outbreak in Bosnia and Herzegovina,Q225,Bosnia and Herzegovina,B&H
989,Q87250770,2020 coronavirus outbreak in Bosnia and Herzegovina,Q225,Bosnia and Herzegovina,Bosnia
990,Q87250770,2020 coronavirus outbreak in Bosnia and Herzegovina,Q225,Bosnia and Herzegovina,BIH
991,Q87250770,2020 coronavirus outbreak in Bosnia and Herzegovina,Q225,Bosnia and Herzegovina,ğŸ‡§ğŸ‡¦
992,Q87250770,2020 coronavirus outbreak in Bosnia and Herzegovina,Q225,Bosnia and Herzegovina,BiH
993,Q87250770,2020 coronavirus outbreak in Bosnia and Herzegovina,Q225,Bosnia and Herzegovina,Bosnia & Herzegovina
994,Q87250770,2020 coronavirus outbreak in Bosnia and Herzegovina,Q225,Bosnia and Herzegovina,Bosnia-Herzegovina
995,Q87722485,2020 coronavirus pandemic in Azerbaijan,Q227,Azerbaijan,AZE
996,Q87722485,2020 coronavirus pandemic in Azerbaijan,Q227,Azerbaijan,az
997,Q87722485,2020 coronavirus pandemic in Azerbaijan,Q227,Azerbaijan,ğŸ‡¦ğŸ‡¿
998,Q87722485,2020 coronavirus pandemic in Azerbaijan,Q227,Azerbaijan,Republic of Azerbaijan
999,Q87715843,2020 coronavirus pandemic in Andorra,Q228,Andorra,AND
1000,Q87715843,2020 coronavirus pandemic in Andorra,Q228,Andorra,ad
1001,Q87715843,2020 coronavirus pandemic in Andorra,Q228,Andorra,ğŸ‡¦ğŸ‡©
1002,Q87715843,2020 coronavirus pandemic in Andorra,Q228,Andorra,Principality of Andorra
1003,Q87715843,2020 coronavirus pandemic in Andorra,Q228,Andorra,Principality of the Valleys of Andorra
1004,Q87580938,2020 coronavirus pandemic in Cyprus,Q229,Republic of Cyprus,Cyprus
1005,Q87580938,2020 coronavirus pandemic in Cyprus,Q229,Republic of Cyprus,cy
1006,Q87580938,2020 coronavirus pandemic in Cyprus,Q229,Republic of Cyprus,ğŸ‡¨ğŸ‡¾
1007,Q87250877,2020 coronavirus outbreak in Monaco,Q235,Monaco,MON
1008,Q87250877,2020 coronavirus outbreak in Monaco,Q235,Monaco,mc
1009,Q87250877,2020 coronavirus outbreak in Monaco,Q235,Monaco,ğŸ‡²ğŸ‡¨
1010,Q87250877,2020 coronavirus outbreak in Monaco,Q235,Monaco,Principality of Monaco
1011,Q87587760,2020 coronavirus pandemic in Malta,Q233,Malta,MLT
1012,Q87587760,2020 coronavirus pandemic in Malta,Q233,Malta,mt
1013,Q87587760,2020 coronavirus pandemic in Malta,Q233,Malta,ğŸ‡²ğŸ‡¹
1014,Q87587760,2020 coronavirus pandemic in Malta,Q233,Malta,Republic of Malta
1015,Q88082922,2020 coronavirus pandemic in Sint Maarten,Q26273,Sint Maarten,Saint Martin
1016,Q88082922,2020 coronavirus pandemic in Sint Maarten,Q26273,Sint Maarten,SX
1017,Q88082922,2020 coronavirus pandemic in Sint Maarten,Q26273,Sint Maarten,St Martin
1018,Q88082922,2020 coronavirus pandemic in Sint Maarten,Q26273,Sint Maarten,NL-SX
1019,Q88082922,2020 coronavirus pandemic in Sint Maarten,Q26273,Sint Maarten,Saint Martin (Dutch part)
1020,Q88082922,2020 coronavirus pandemic in Sint Maarten,Q26273,Sint Maarten,Sint Maarten (Dutch part)
1021,Q88082922,2020 coronavirus pandemic in Sint Maarten,Q26273,Sint Maarten,St. Maarten
1022,Q88082922,2020 coronavirus pandemic in Sint Maarten,Q26273,Sint Maarten,ğŸ‡¸ğŸ‡½
1023,Q87250930,2020 coronavirus outbreak in Cameroon,Q29406548,Cameroun,
1024,Q87250913,2020 coronavirus outbreak in Georgia,Q230,Georgia,GEO
1025,Q87250913,2020 coronavirus outbreak in Georgia,Q230,Georgia,Republic of Georgia
1026,Q87250913,2020 coronavirus outbreak in Georgia,Q230,Georgia,GE
1027,Q87250913,2020 coronavirus outbreak in Georgia,Q230,Georgia,ğŸ‡¬ğŸ‡ª
1028,Q87580938,2020 coronavirus pandemic in Cyprus,Q229,Republic of Cyprus,Greek Cypriot State
1029,Q87651995,2020 coronavirus pandemic in Kazakhstan,Q232,Kazakhstan,kz
1030,Q87651995,2020 coronavirus pandemic in Kazakhstan,Q232,Kazakhstan,KAZ
1031,Q87651995,2020 coronavirus pandemic in Kazakhstan,Q232,Kazakhstan,ğŸ‡°ğŸ‡¿
1032,Q87651995,2020 coronavirus pandemic in Kazakhstan,Q232,Kazakhstan,Qazaqstan
1033,Q87651995,2020 coronavirus pandemic in Kazakhstan,Q232,Kazakhstan,Republic of Kazakhstan
1034,Q87887813,2020 coronavirus pandemic in Montenegro,Q236,Montenegro,me
1035,Q87887813,2020 coronavirus pandemic in Montenegro,Q236,Montenegro,MNE
1036,Q87887813,2020 coronavirus pandemic in Montenegro,Q236,Montenegro,ğŸ‡²ğŸ‡ª
1037,Q87222526,2020 coronavirus outbreak in Vatican City,Q237,Vatican City,va
1038,Q87222526,2020 coronavirus outbreak in Vatican City,Q237,Vatican City,vat
1039,Q87222526,2020 coronavirus outbreak in Vatican City,Q237,Vatican City,Vatican
1040,Q87222526,2020 coronavirus outbreak in Vatican City,Q237,Vatican City,CittÃ  del Vaticano
1041,Q87222526,2020 coronavirus outbreak in Vatican City,Q237,Vatican City,Civitas Vaticana
1042,Q87222526,2020 coronavirus outbreak in Vatican City,Q237,Vatican City,Papal State
1043,Q87222526,2020 coronavirus outbreak in Vatican City,Q237,Vatican City,State of Vatican City
1044,Q87222526,2020 coronavirus outbreak in Vatican City,Q237,Vatican City,Stato della CittÃ  del Vaticano
1045,Q87222526,2020 coronavirus outbreak in Vatican City,Q237,Vatican City,Status Civitatis Vaticanae
1046,Q87222526,2020 coronavirus outbreak in Vatican City,Q237,Vatican City,The Vatican
1047,Q87222526,2020 coronavirus outbreak in Vatican City,Q237,Vatican City,ğŸ‡»ğŸ‡¦
1048,Q87222526,2020 coronavirus outbreak in Vatican City,Q237,Vatican City,Vatican City State
1049,Q87123561,2020 coronavirus outbreak in San Marino,Q238,San Marino,SMR
1050,Q87123561,2020 coronavirus outbreak in San Marino,Q238,San Marino,sm
1051,Q87123561,2020 coronavirus outbreak in San Marino,Q238,San Marino,Most Serene Republic of San Marino
1052,Q87123561,2020 coronavirus outbreak in San Marino,Q238,San Marino,ğŸ‡¸ğŸ‡²
1053,Q87590993,2020 coronavirus pandemic in Cuba,Q241,Cuba,CUB
1054,Q88561418,2020 coronavirus pandemic in Belize,Q242,Belize,bz
1055,Q88561418,2020 coronavirus pandemic in Belize,Q242,Belize,ğŸ‡§ğŸ‡¿
1056,Q87590993,2020 coronavirus pandemic in Cuba,Q241,Cuba,cu
1057,Q87590993,2020 coronavirus pandemic in Cuba,Q241,Cuba,ğŸ‡¨ğŸ‡º
1058,Q87590993,2020 coronavirus pandemic in Cuba,Q241,Cuba,Republic of Cuba
1059,Q86913546,2020 coronavirus pandemic in Indonesia,Q252,Indonesia,INA
1060,Q86913546,2020 coronavirus pandemic in Indonesia,Q252,Indonesia,ID
1061,Q86913546,2020 coronavirus pandemic in Indonesia,Q252,Indonesia,id
1062,Q86913546,2020 coronavirus pandemic in Indonesia,Q252,Indonesia,ğŸ‡®ğŸ‡©
1063,Q86913546,2020 coronavirus pandemic in Indonesia,Q252,Indonesia,IDN
1064,Q86913546,2020 coronavirus pandemic in Indonesia,Q252,Indonesia,Republic of Indonesia
1065,Q87718451,2020 coronavirus pandemic in Nigeria,Q1033,Nigeria,NG
1066,Q87718451,2020 coronavirus pandemic in Nigeria,Q1033,Nigeria,NGR
1067,Q87718451,2020 coronavirus pandemic in Nigeria,Q1033,Nigeria,NGA
1068,Q87718451,2020 coronavirus pandemic in Nigeria,Q1033,Nigeria,Federal Republic of Nigeria
1069,Q87718451,2020 coronavirus pandemic in Nigeria,Q1033,Nigeria,FRN
1070,Q87718451,2020 coronavirus pandemic in Nigeria,Q1033,Nigeria,Naija
1071,Q87718451,2020 coronavirus pandemic in Nigeria,Q1033,Nigeria,ğŸ‡³ğŸ‡¬
1072,Q88263719,2020 coronavirus pandemic in Uganda,Q1036,Uganda,UGA
1073,Q88263719,2020 coronavirus pandemic in Uganda,Q1036,Uganda,Republic of Uganda
1074,Q88263719,2020 coronavirus pandemic in Uganda,Q1036,Uganda,ug
1075,Q88263719,2020 coronavirus pandemic in Uganda,Q1036,Uganda,ğŸ‡ºğŸ‡¬
1076,Q87714704,2020 coronavirus pandemic in Rwanda,Q1037,Rwanda,rw
1077,Q87714704,2020 coronavirus pandemic in Rwanda,Q1037,Rwanda,Republic of Rwanda
1078,Q87714704,2020 coronavirus pandemic in Rwanda,Q1037,Rwanda,ğŸ‡·ğŸ‡¼
1079,Q87729500,2020 coronavirus pandemic in Seychelles,Q1042,Seychelles,sc
1080,Q87729500,2020 coronavirus pandemic in Seychelles,Q1042,Seychelles,SEY
1081,Q87729500,2020 coronavirus pandemic in Seychelles,Q1042,Seychelles,Republic of Seychelles
1082,Q87729500,2020 coronavirus pandemic in Seychelles,Q1042,Seychelles,ğŸ‡¸ğŸ‡¨
1083,Q87745903,2020 coronavirus pandemic in Senegal,Q1041,Senegal,sn
1084,Q87745903,2020 coronavirus pandemic in Senegal,Q1041,Senegal,SEN
1085,Q87745903,2020 coronavirus pandemic in Senegal,Q1041,Senegal,Republic of Senegal
1086,Q87745903,2020 coronavirus pandemic in Senegal,Q1041,Senegal,Republique du Senegal
1087,Q87745903,2020 coronavirus pandemic in Senegal,Q1041,Senegal,RÃ©publique du SÃ©nÃ©gal
1088,Q87745903,2020 coronavirus pandemic in Senegal,Q1041,Senegal,SÃ©nÃ©gal
1089,Q87745903,2020 coronavirus pandemic in Senegal,Q1041,Senegal,ğŸ‡¸ğŸ‡³
1090,Q87770645,2020 coronavirus pandemic in Somalia,Q1045,Somalia,so
1091,Q87770645,2020 coronavirus pandemic in Somalia,Q1045,Somalia,SOM
1092,Q87770645,2020 coronavirus pandemic in Somalia,Q1045,Somalia,aá¹£-á¹¢Å«mÄl
1093,Q87770645,2020 coronavirus pandemic in Somalia,Q1045,Somalia,Federal Republic of Somalia
1094,Q87770645,2020 coronavirus pandemic in Somalia,Q1045,Somalia,ğŸ‡¸ğŸ‡´
1095,Q87770645,2020 coronavirus pandemic in Somalia,Q1045,Somalia,Soomaaliya
1096,Q87709973,2020 coronavirus pandemic in Eswatini,Q1050,Eswatini,SWZ
1097,Q87709973,2020 coronavirus pandemic in Eswatini,Q1050,Eswatini,sz
1098,Q87709973,2020 coronavirus pandemic in Eswatini,Q1050,Eswatini,Swaziland
1099,Q87657486,2020 coronavirus pandemic in Sudan,Q1049,Sudan,as-SÅ«dÄn
1100,Q87657486,2020 coronavirus pandemic in Sudan,Q1049,Sudan,North Sudan
1101,Q87657486,2020 coronavirus pandemic in Sudan,Q1049,Sudan,Republic of Sudan
1102,Q87657486,2020 coronavirus pandemic in Sudan,Q1049,Sudan,Republic of the Sudan
1103,Q87657486,2020 coronavirus pandemic in Sudan,Q1049,Sudan,sd
1104,Q87657486,2020 coronavirus pandemic in Sudan,Q1049,Sudan,ğŸ‡¸ğŸ‡©
1105,Q87657486,2020 coronavirus pandemic in Sudan,Q1049,Sudan,SUD
1106,Q87657486,2020 coronavirus pandemic in Sudan,Q1049,Sudan,the Sudan
1107,Q87709973,2020 coronavirus pandemic in Eswatini,Q1050,Eswatini,eSwatini
1108,Q87709973,2020 coronavirus pandemic in Eswatini,Q1050,Eswatini,Kingdom of Eswatini
1109,Q87709973,2020 coronavirus pandemic in Eswatini,Q1050,Eswatini,Kingdom of Swaziland
1110,Q87709973,2020 coronavirus pandemic in Eswatini,Q1050,Eswatini,ğŸ‡¸ğŸ‡¿
1111,Q87709973,2020 coronavirus pandemic in Eswatini,Q1050,Eswatini,Umbuso weSwatini
1112,Q87655119,2020 coronavirus pandemic in Kosovo,Q1246,Kosovo,KOS
1113,Q87655119,2020 coronavirus pandemic in Kosovo,Q1246,Kosovo,XK
1114,Q87655119,2020 coronavirus pandemic in Kosovo,Q1246,Kosovo,KV
1115,Q87655119,2020 coronavirus pandemic in Kosovo,Q1246,Kosovo,XKX
1116,Q87655119,2020 coronavirus pandemic in Kosovo,Q1246,Kosovo,Republic of Kosovo
1117,Q87655119,2020 coronavirus pandemic in Kosovo,Q1246,Kosovo,ğŸ‡½ğŸ‡°
1118,Q87708719,2020 coronavirus pandemic in Aruba,Q21203,Aruba,ARU
1119,Q87708719,2020 coronavirus pandemic in Aruba,Q21203,Aruba,America/Aruba
1120,Q87708719,2020 coronavirus pandemic in Aruba,Q21203,Aruba,aw
1121,Q87708719,2020 coronavirus pandemic in Aruba,Q21203,Aruba,ğŸ‡¦ğŸ‡¼
1122,Q87708719,2020 coronavirus pandemic in Aruba,Q21203,Aruba,Island of Aruba
1123,Q87708719,2020 coronavirus pandemic in Aruba,Q21203,Aruba,ISO 3166-1:AW
1124,Q88082556,2020 coronavirus pandemic in Bermuda,Q23635,Bermuda,bm
1125,Q88082556,2020 coronavirus pandemic in Bermuda,Q23635,Bermuda,Bermuda Islands
1126,Q88082556,2020 coronavirus pandemic in Bermuda,Q23635,Bermuda,Atlantic/Bermuda
1127,Q88082556,2020 coronavirus pandemic in Bermuda,Q23635,Bermuda,Bermoothes
1128,Q88082556,2020 coronavirus pandemic in Bermuda,Q23635,Bermuda,Bermudas
1129,Q88082556,2020 coronavirus pandemic in Bermuda,Q23635,Bermuda,Bermudian Islands
1130,Q88082556,2020 coronavirus pandemic in Bermuda,Q23635,Bermuda,ğŸ‡§ğŸ‡²
1131,Q88082556,2020 coronavirus pandemic in Bermuda,Q23635,Bermuda,Colony of Bermuda
1132,Q88082556,2020 coronavirus pandemic in Bermuda,Q23635,Bermuda,Devil's Isles
1133,Q88082556,2020 coronavirus pandemic in Bermuda,Q23635,Bermuda,Isle of Devils
1134,Q88082556,2020 coronavirus pandemic in Bermuda,Q23635,Bermuda,Somers Islands
1135,Q88082556,2020 coronavirus pandemic in Bermuda,Q23635,Bermuda,Somers Isles
1136,Q88082556,2020 coronavirus pandemic in Bermuda,Q23635,Bermuda,Summer's Isles
1137,Q88082556,2020 coronavirus pandemic in Bermuda,Q23635,Bermuda,Summers' Isles
1138,Q88082556,2020 coronavirus pandemic in Bermuda,Q23635,Bermuda,Territory of Bermuda
1139,Q88082556,2020 coronavirus pandemic in Bermuda,Q23635,Bermuda,The Somers Isles
1140,Q88082556,2020 coronavirus pandemic in Bermuda,Q23635,Bermuda,Virgineola
1141,Q87743173,2020 coronavirus pandemic in Northern Cyprus,Q23681,Turkish Republic of Northern Cyprus,NCY
1142,Q87743173,2020 coronavirus pandemic in Northern Cyprus,Q23681,Turkish Republic of Northern Cyprus,TRNC
1143,Q87743173,2020 coronavirus pandemic in Northern Cyprus,Q23681,Turkish Republic of Northern Cyprus,North Cyprus
1144,Q87743173,2020 coronavirus pandemic in Northern Cyprus,Q23681,Turkish Republic of Northern Cyprus,North Cyprus Turkish Republic
1145,Q87743173,2020 coronavirus pandemic in Northern Cyprus,Q23681,Turkish Republic of Northern Cyprus,Northern Cyprus
1146,Q87743173,2020 coronavirus pandemic in Northern Cyprus,Q23681,Turkish Republic of Northern Cyprus,Republic of Northern Cyprus
1147,Q87743173,2020 coronavirus pandemic in Northern Cyprus,Q23681,Turkish Republic of Northern Cyprus,The Turkish Republic of Northern Cyprus
1148,Q87743173,2020 coronavirus pandemic in Northern Cyprus,Q23681,Turkish Republic of Northern Cyprus,Turkish Cypriot constituent state
1149,Q87743173,2020 coronavirus pandemic in Northern Cyprus,Q23681,Turkish Republic of Northern Cyprus,Turkish Cypriot state
1150,Q87743173,2020 coronavirus pandemic in Northern Cyprus,Q23681,Turkish Republic of Northern Cyprus,Turkish Cyprus
1151,Q87743173,2020 coronavirus pandemic in Northern Cyprus,Q23681,Turkish Republic of Northern Cyprus,Turkish Federative State of North Cyprus
1152,Q87743173,2020 coronavirus pandemic in Northern Cyprus,Q23681,Turkish Republic of Northern Cyprus,Turkish occupied Cyprus
1153,Q87743173,2020 coronavirus pandemic in Northern Cyprus,Q23681,Turkish Republic of Northern Cyprus,Turkish Republic of Cyprus
1154,Q87743173,2020 coronavirus pandemic in Northern Cyprus,Q23681,Turkish Republic of Northern Cyprus,Turkish Republic of North Cyprus
1155,Q87709760,2020 coronavirus pandemic in CuraÃ§ao,Q25279,CuraÃ§ao,CW
1156,Q87709760,2020 coronavirus pandemic in CuraÃ§ao,Q25279,CuraÃ§ao,Curacao
1157,Q87709760,2020 coronavirus pandemic in CuraÃ§ao,Q25279,CuraÃ§ao,Country of CuraÃ§ao
1158,Q87709760,2020 coronavirus pandemic in CuraÃ§ao,Q25279,CuraÃ§ao,Curacau
1159,Q87709760,2020 coronavirus pandemic in CuraÃ§ao,Q25279,CuraÃ§ao,CuraÃ§oa
1160,Q87709760,2020 coronavirus pandemic in CuraÃ§ao,Q25279,CuraÃ§ao,Curazao
1161,Q87709760,2020 coronavirus pandemic in CuraÃ§ao,Q25279,CuraÃ§ao,CuraÏ‚ao
1162,Q87709760,2020 coronavirus pandemic in CuraÃ§ao,Q25279,CuraÃ§ao,Curocao
1163,Q87709760,2020 coronavirus pandemic in CuraÃ§ao,Q25279,CuraÃ§ao,CUW
1164,Q87709760,2020 coronavirus pandemic in CuraÃ§ao,Q25279,CuraÃ§ao,ğŸ‡¨ğŸ‡¼
1165,Q87709760,2020 coronavirus pandemic in CuraÃ§ao,Q25279,CuraÃ§ao,Island Territory of CuraÃ§ao
1166,Q87709760,2020 coronavirus pandemic in CuraÃ§ao,Q25279,CuraÃ§ao,ISO 3166-1:CW
1167,Q87709760,2020 coronavirus pandemic in CuraÃ§ao,Q25279,CuraÃ§ao,Korsou
1168,Q87709760,2020 coronavirus pandemic in CuraÃ§ao,Q25279,CuraÃ§ao,KÃ²rsou
